컬럼 ID,도메인,테이블 논리명,테이블 물리명,컬럼 순번,컬럼 논리명,컬럼 물리명,컬럼 설명,업무 사용 목적,값의 의미,값 형식,단위,시간대,비식별 예시 값,관련 업무 규칙 ID,PostgreSQL 타입,PostgreSQL 표현,길이,정밀도,스케일,NULL 허용 여부,기본값,자동 생성 여부,생성 방식,PK 여부,PK 순번,FK 여부,FK 제약조건 ID,참조 테이블,참조 컬럼,단일 컬럼 UNIQUE 여부,복합 제약조건 ID,코드 그룹 ID,JSONB 구조 ID,벡터 정의 ID,데이터 생성 주체,데이터 변경 주체,주요 사용 서비스,외부 계약 매핑 ID,민감정보 여부,민감정보 상세 분류,마스킹 필요 여부,암호화 필요 여부,보존 정책,삭제 또는 익명화 방식,감사 대상 여부,객체 상태,최초 도입 버전,변경 버전,폐기 예정 버전,최종 변경 Jira,최종 수정일,비고
app_user.id,사용자·개인정보,사용자,app_user,1,내부 식별자,id,내부 사용자 ID,"어르신과 로그인 보호자의 공통 프로필, 인증 연결 정보, 핵심 대화 선호를 관리한다.에서 내부 사용자 ID을(를) 관리",내부 사용자 ID,uuid,N/A,N/A,00000000-0000-4000-8000-000000000001,N/A,uuid,uuid,N/A,N/A,N/A,N,gen_random_uuid(),Y,PostgreSQL DEFAULT,Y,1,N,N/A,N/A,N/A,N,N/A,N/A,N/A,N/A,Spring Backend / 관리자 흐름,Spring Backend 서비스,"Backend, 대화·개인화 서비스",N/A,간접,간접식별정보,Y,TBD,사용자/참조 존속,WITHDRAWN`은 복구 가능한 비활성 상태다. 개인정보 삭제 요청이 확정되면 연결·법적 보존 여부를 확인한 뒤 개인정보와 인증정보를 물리 삭제/비식별화한다. `password_hash`는 복구용으로 보존하지 않는다. 어르신 삭제가 연관 기억·대화·임베딩 삭제 작업을 시작한다.,Y,ACTIVE,0.3.0,0.3.0,N/A,S15P11E102-84,2026-07-23,원본 키/제약: PK
app_user.user_type,사용자·개인정보,사용자,app_user,2,사용자 구분,user_type,사용자 구분,"어르신과 로그인 보호자의 공통 프로필, 인증 연결 정보, 핵심 대화 선호를 관리한다.에서 사용자 구분을(를) 관리",사용자 구분,varchar(20),N/A,N/A,USER_TYPE,N/A,varchar,varchar(20),20,N/A,N/A,N,N/A,N,애플리케이션 또는 사용자 입력,N,N/A,N,N/A,N/A,N/A,N,CHK_APP_USER_USER_TYPE,CODE_USER_TYPE,N/A,N/A,Spring Backend / 관리자 흐름,Spring Backend 서비스,"Backend, 대화·개인화 서비스",N/A,N,N/A,N,N,사용자,행/업무 정책에 따라 삭제,N,ACTIVE,0.3.0,0.3.0,N/A,S15P11E102-84,2026-07-23,"원본 키/제약: CHECK `SENIOR, GUARDIAN"
app_user.name,사용자·개인정보,사용자,app_user,3,실명 또는 등록명,name,실명 또는 등록명,"어르신과 로그인 보호자의 공통 프로필, 인증 연결 정보, 핵심 대화 선호를 관리한다.에서 실명 또는 등록명을(를) 관리",실명 또는 등록명,varchar(100),N/A,N/A,비식별 가상 값,N/A,varchar,varchar(100),100,N/A,N/A,N,N/A,N,애플리케이션 또는 사용자 입력,N,N/A,N,N/A,N/A,N/A,N,N/A,N/A,N/A,N/A,Spring Backend / 관리자 흐름,Spring Backend 서비스,"Backend, 대화·개인화 서비스",N/A,Y,개인정보 또는 건강·생활정보,Y,TBD,사용자,WITHDRAWN`은 복구 가능한 비활성 상태다. 개인정보 삭제 요청이 확정되면 연결·법적 보존 여부를 확인한 뒤 개인정보와 인증정보를 물리 삭제/비식별화한다. `password_hash`는 복구용으로 보존하지 않는다. 어르신 삭제가 연관 기억·대화·임베딩 삭제 작업을 시작한다.,Y,ACTIVE,0.3.0,0.3.0,N/A,S15P11E102-84,2026-07-23,원본 키/제약: 빈 문자열 금지
app_user.birth_date,사용자·개인정보,사용자,app_user,4,생년월일,birth_date,생년월일,"어르신과 로그인 보호자의 공통 프로필, 인증 연결 정보, 핵심 대화 선호를 관리한다.에서 생년월일을(를) 관리",생년월일,date,N/A,N/A,1950-01-01,N/A,date,date,N/A,N/A,N/A,Y,N/A,N,애플리케이션 또는 사용자 입력,N,N/A,N,N/A,N/A,N/A,N,N/A,N/A,N/A,N/A,Spring Backend / 관리자 흐름,Spring Backend 서비스,"Backend, 대화·개인화 서비스",N/A,Y,개인정보 또는 건강·생활정보,Y,TBD,사용자,WITHDRAWN`은 복구 가능한 비활성 상태다. 개인정보 삭제 요청이 확정되면 연결·법적 보존 여부를 확인한 뒤 개인정보와 인증정보를 물리 삭제/비식별화한다. `password_hash`는 복구용으로 보존하지 않는다. 어르신 삭제가 연관 기억·대화·임베딩 삭제 작업을 시작한다.,Y,ACTIVE,0.3.0,0.3.0,N/A,S15P11E102-84,2026-07-23,원본 키/제약: 미래 날짜 금지(서비스 검증)
app_user.gender,사용자·개인정보,사용자,app_user,5,선택 입력 성별,gender,선택 입력 성별,"어르신과 로그인 보호자의 공통 프로필, 인증 연결 정보, 핵심 대화 선호를 관리한다.에서 선택 입력 성별을(를) 관리",선택 입력 성별,varchar(20),N/A,N/A,비식별 가상 값,N/A,varchar,varchar(20),20,N/A,N/A,Y,N/A,N,애플리케이션 또는 사용자 입력,N,N/A,N,N/A,N/A,N/A,N,N/A,N/A,N/A,N/A,Spring Backend / 관리자 흐름,Spring Backend 서비스,"Backend, 대화·개인화 서비스",N/A,Y,개인정보 또는 건강·생활정보,Y,TBD,사용자,WITHDRAWN`은 복구 가능한 비활성 상태다. 개인정보 삭제 요청이 확정되면 연결·법적 보존 여부를 확인한 뒤 개인정보와 인증정보를 물리 삭제/비식별화한다. `password_hash`는 복구용으로 보존하지 않는다. 어르신 삭제가 연관 기억·대화·임베딩 삭제 작업을 시작한다.,Y,ACTIVE,0.3.0,0.3.0,N/A,S15P11E102-84,2026-07-23,원본 키/제약: 허용값은 서비스 정책
app_user.phone,사용자·개인정보,사용자,app_user,6,연락처,phone,연락처,"어르신과 로그인 보호자의 공통 프로필, 인증 연결 정보, 핵심 대화 선호를 관리한다.에서 연락처을(를) 관리",연락처,varchar(30),N/A,N/A,비식별 가상 값,N/A,varchar,varchar(30),30,N/A,N/A,Y,N/A,N,애플리케이션 또는 사용자 입력,N,N/A,N,N/A,N/A,N/A,N,N/A,N/A,N/A,N/A,Spring Backend / 관리자 흐름,Spring Backend 서비스,"Backend, 대화·개인화 서비스",N/A,Y,개인정보 또는 건강·생활정보,Y,TBD,사용자,WITHDRAWN`은 복구 가능한 비활성 상태다. 개인정보 삭제 요청이 확정되면 연결·법적 보존 여부를 확인한 뒤 개인정보와 인증정보를 물리 삭제/비식별화한다. `password_hash`는 복구용으로 보존하지 않는다. 어르신 삭제가 연관 기억·대화·임베딩 삭제 작업을 시작한다.,Y,ACTIVE,0.3.0,0.3.0,N/A,S15P11E102-84,2026-07-23,원본 키/제약: 정규화 형식은 서비스 검증
app_user.address,사용자·개인정보,사용자,app_user,7,생활 주소,address,생활 주소. 임베딩 금지,"어르신과 로그인 보호자의 공통 프로필, 인증 연결 정보, 핵심 대화 선호를 관리한다.에서 생활 주소. 임베딩 금지을(를) 관리",생활 주소. 임베딩 금지,text,N/A,N/A,비식별 가상 값,N/A,text,text,N/A,N/A,N/A,Y,N/A,N,애플리케이션 또는 사용자 입력,N,N/A,N,N/A,N/A,N/A,N,N/A,N/A,N/A,N/A,Spring Backend / 관리자 흐름,Spring Backend 서비스,"Backend, 대화·개인화 서비스",N/A,Y,개인정보 또는 건강·생활정보,Y,TBD,사용자,WITHDRAWN`은 복구 가능한 비활성 상태다. 개인정보 삭제 요청이 확정되면 연결·법적 보존 여부를 확인한 뒤 개인정보와 인증정보를 물리 삭제/비식별화한다. `password_hash`는 복구용으로 보존하지 않는다. 어르신 삭제가 연관 기억·대화·임베딩 삭제 작업을 시작한다.,Y,ACTIVE,0.3.0,0.3.0,N/A,S15P11E102-84,2026-07-23,원본에 별도 키·제약 없음
app_user.email,사용자·개인정보,사용자,app_user,8,보호자 로그인 식별자,email,보호자 로그인 식별자,"어르신과 로그인 보호자의 공통 프로필, 인증 연결 정보, 핵심 대화 선호를 관리한다.에서 보호자 로그인 식별자을(를) 관리",보호자 로그인 식별자,varchar(320),N/A,N/A,비식별 가상 값,N/A,varchar,varchar(320),320,N/A,N/A,Y,N/A,N,애플리케이션 또는 사용자 입력,N,N/A,N,N/A,N/A,N/A,N,CONSTRAINT_UQ_APP_USER_ACTIVE_GUARDIAN_EMAIL,N/A,N/A,N/A,Spring Backend / 관리자 흐름,Spring Backend 서비스,"Backend, 대화·개인화 서비스",N/A,Y,개인정보 또는 건강·생활정보,Y,TBD,사용자,WITHDRAWN`은 복구 가능한 비활성 상태다. 개인정보 삭제 요청이 확정되면 연결·법적 보존 여부를 확인한 뒤 개인정보와 인증정보를 물리 삭제/비식별화한다. `password_hash`는 복구용으로 보존하지 않는다. 어르신 삭제가 연관 기억·대화·임베딩 삭제 작업을 시작한다.,Y,ACTIVE,0.3.0,0.3.0,N/A,S15P11E102-84,2026-07-23,원본 키/제약: 활성 보호자 `lower(email)` 부분 UNIQUE
app_user.password_hash,사용자·개인정보,사용자,app_user,9,단방향 비밀번호 해시,password_hash,단방향 비밀번호 해시. 평문 금지,"어르신과 로그인 보호자의 공통 프로필, 인증 연결 정보, 핵심 대화 선호를 관리한다.에서 단방향 비밀번호 해시. 평문 금지을(를) 관리",단방향 비밀번호 해시. 평문 금지,varchar(255),N/A,N/A,비식별 가상 값,N/A,varchar,varchar(255),255,N/A,N/A,Y,N/A,N,애플리케이션 또는 사용자 입력,N,N/A,N,N/A,N/A,N/A,N,CHK_APP_USER_PASSWORD_HASH,N/A,N/A,N/A,Spring Backend / 관리자 흐름,Spring Backend 서비스,"Backend, 대화·개인화 서비스",N/A,Y,인증정보,Y,Y,"사용자, 삭제 시 즉시 제거",WITHDRAWN`은 복구 가능한 비활성 상태다. 개인정보 삭제 요청이 확정되면 연결·법적 보존 여부를 확인한 뒤 개인정보와 인증정보를 물리 삭제/비식별화한다. `password_hash`는 복구용으로 보존하지 않는다. 어르신 삭제가 연관 기억·대화·임베딩 삭제 작업을 시작한다.,Y,ACTIVE,0.3.0,0.3.0,N/A,S15P11E102-84,2026-07-23,원본 키/제약: GUARDIAN이면 필수 CHECK
app_user.preferred_name,사용자·개인정보,사용자,app_user,10,로봇이 부를 호칭,preferred_name,로봇이 부를 호칭,"어르신과 로그인 보호자의 공통 프로필, 인증 연결 정보, 핵심 대화 선호를 관리한다.에서 로봇이 부를 호칭을(를) 관리",로봇이 부를 호칭,varchar(100),N/A,N/A,비식별 가상 값,N/A,varchar,varchar(100),100,N/A,N/A,Y,N/A,N,애플리케이션 또는 사용자 입력,N,N/A,N,N/A,N/A,N/A,N,N/A,N/A,N/A,N/A,Spring Backend / 관리자 흐름,Spring Backend 서비스,"Backend, 대화·개인화 서비스",N/A,Y,개인정보 또는 건강·생활정보,Y,TBD,사용자,WITHDRAWN`은 복구 가능한 비활성 상태다. 개인정보 삭제 요청이 확정되면 연결·법적 보존 여부를 확인한 뒤 개인정보와 인증정보를 물리 삭제/비식별화한다. `password_hash`는 복구용으로 보존하지 않는다. 어르신 삭제가 연관 기억·대화·임베딩 삭제 작업을 시작한다.,Y,ACTIVE,0.3.0,0.3.0,N/A,S15P11E102-84,2026-07-23,원본에 별도 키·제약 없음
app_user.conversation_preferences,사용자·개인정보,사용자,app_user,11,제한된 대화 선호,conversation_preferences,제한된 대화 선호; `preferred_name` 중복 금지,"어르신과 로그인 보호자의 공통 프로필, 인증 연결 정보, 핵심 대화 선호를 관리한다.에서 제한된 대화 선호; `preferred_name` 중복 금지을(를) 관리",제한된 대화 선호; `preferred_name` 중복 금지,JSON object; 구조 ID 참조,N/A,N/A,구조 ID 참조,N/A,jsonb,jsonb,N/A,N/A,N/A,N,"{""schemaVersion"":2}",N,애플리케이션 또는 사용자 입력,N,N/A,N,N/A,N/A,N/A,N,CHK_APP_USER_CONVERSATION_PREFERENCES,N/A,JSON_APP_USER_PREFERENCES_V2,N/A,Spring Backend / 관리자 흐름,Spring Backend 서비스,"Backend, 대화·개인화 서비스",N/A,Y,개인정보 또는 건강·생활정보,Y,TBD,사용자,WITHDRAWN`은 복구 가능한 비활성 상태다. 개인정보 삭제 요청이 확정되면 연결·법적 보존 여부를 확인한 뒤 개인정보와 인증정보를 물리 삭제/비식별화한다. `password_hash`는 복구용으로 보존하지 않는다. 어르신 삭제가 연관 기억·대화·임베딩 삭제 작업을 시작한다.,Y,ACTIVE,0.3.0,0.3.0,N/A,S15P11E102-84,2026-07-23,원본 키/제약: JSON object CHECK
app_user.onboarding_status,사용자·개인정보,사용자,app_user,12,세션 원본을 같은 트랜잭션에서 반영한 현재 상태 …,onboarding_status,세션 원본을 같은 트랜잭션에서 반영한 현재 상태 projection,"어르신과 로그인 보호자의 공통 프로필, 인증 연결 정보, 핵심 대화 선호를 관리한다.에서 세션 원본을 같은 트랜잭션에서 반영한 현재 상태 projection을(를) 관리",세션 원본을 같은 트랜잭션에서 반영한 현재 상태 projection,varchar(20),N/A,N/A,비식별 가상 값,RULE_ONBOARDING_COMPLETION,varchar,varchar(20),20,N/A,N/A,N,NOT_STARTED,N,애플리케이션 또는 사용자 입력,N,N/A,N,N/A,N/A,N/A,N,CHK_APP_USER_ONBOARDING_STATUS,CODE_ONBOARDING_STATUS,N/A,N/A,Spring Backend / 관리자 흐름,Spring Backend 서비스,"Backend, 대화·개인화 서비스",N/A,Y,개인정보 또는 건강·생활정보,Y,TBD,사용자/감사 정책,WITHDRAWN`은 복구 가능한 비활성 상태다. 개인정보 삭제 요청이 확정되면 연결·법적 보존 여부를 확인한 뒤 개인정보와 인증정보를 물리 삭제/비식별화한다. `password_hash`는 복구용으로 보존하지 않는다. 어르신 삭제가 연관 기억·대화·임베딩 삭제 작업을 시작한다.,Y,ACTIVE,0.3.0,0.3.0,N/A,S15P11E102-84,2026-07-23,"원본 키/제약: CHECK `NOT_STARTED, IN_PROGRESS, COMPLETED, DECLINED, CANCELLED, EXPIRED"
app_user.onboarding_version,사용자·개인정보,사용자,app_user,13,현재/최근 세션의 질문 세트 버전 projecti…,onboarding_version,현재/최근 세션의 질문 세트 버전 projection,"어르신과 로그인 보호자의 공통 프로필, 인증 연결 정보, 핵심 대화 선호를 관리한다.에서 현재/최근 세션의 질문 세트 버전 projection을(를) 관리",현재/최근 세션의 질문 세트 버전 projection,varchar(50),N/A,N/A,ONBOARDING_VERSION,RULE_ONBOARDING_COMPLETION,varchar,varchar(50),50,N/A,N/A,Y,N/A,N,애플리케이션 또는 사용자 입력,N,N/A,N,N/A,N/A,N/A,N,N/A,N/A,N/A,N/A,Spring Backend / 관리자 흐름,Spring Backend 서비스,"Backend, 대화·개인화 서비스",N/A,N,N/A,N,N,사용자/감사 정책,행/업무 정책에 따라 삭제,N,ACTIVE,0.3.0,0.3.0,N/A,S15P11E102-84,2026-07-23,원본 키/제약: NOT_STARTED 외 상태면 필수
app_user.onboarding_completed_at,사용자·개인정보,사용자,app_user,14,온보딩 완료 시각,onboarding_completed_at,온보딩 완료 시각,"어르신과 로그인 보호자의 공통 프로필, 인증 연결 정보, 핵심 대화 선호를 관리한다.에서 온보딩 완료 시각을(를) 관리",온보딩 완료 시각,timestamptz,N/A,UTC,46037,RULE_ONBOARDING_COMPLETION,timestamptz,timestamptz,N/A,N/A,N/A,Y,N/A,N,애플리케이션 또는 사용자 입력,N,N/A,N,N/A,N/A,N/A,N,N/A,N/A,N/A,N/A,Spring Backend / 관리자 흐름,Spring Backend 서비스,"Backend, 대화·개인화 서비스",N/A,Y,개인정보 또는 건강·생활정보,Y,TBD,사용자/감사 정책,WITHDRAWN`은 복구 가능한 비활성 상태다. 개인정보 삭제 요청이 확정되면 연결·법적 보존 여부를 확인한 뒤 개인정보와 인증정보를 물리 삭제/비식별화한다. `password_hash`는 복구용으로 보존하지 않는다. 어르신 삭제가 연관 기억·대화·임베딩 삭제 작업을 시작한다.,Y,ACTIVE,0.3.0,0.3.0,N/A,S15P11E102-84,2026-07-23,원본 키/제약: COMPLETED이면 필수
app_user.time_zone,사용자·개인정보,사용자,app_user,15,상대 날짜·지역 시간 해석 기준,time_zone,상대 날짜·지역 시간 해석 기준,"어르신과 로그인 보호자의 공통 프로필, 인증 연결 정보, 핵심 대화 선호를 관리한다.에서 상대 날짜·지역 시간 해석 기준을(를) 관리",상대 날짜·지역 시간 해석 기준,varchar(64),N/A,N/A,비식별 가상 값,N/A,varchar,varchar(64),64,N/A,N/A,N,Asia/Seoul,N,애플리케이션 또는 사용자 입력,N,N/A,N,N/A,N/A,N/A,N,N/A,N/A,N/A,N/A,Spring Backend / 관리자 흐름,Spring Backend 서비스,"Backend, 대화·개인화 서비스",N/A,Y,개인정보 또는 건강·생활정보,Y,TBD,사용자,WITHDRAWN`은 복구 가능한 비활성 상태다. 개인정보 삭제 요청이 확정되면 연결·법적 보존 여부를 확인한 뒤 개인정보와 인증정보를 물리 삭제/비식별화한다. `password_hash`는 복구용으로 보존하지 않는다. 어르신 삭제가 연관 기억·대화·임베딩 삭제 작업을 시작한다.,Y,ACTIVE,0.3.0,0.3.0,N/A,S15P11E102-84,2026-07-23,원본 키/제약: IANA time zone 서비스 검증
app_user.personalization_consent_status,사용자·개인정보,사용자,app_user,16,일반 개인화 저장 동의,personalization_consent_status,일반 개인화 저장 동의,"어르신과 로그인 보호자의 공통 프로필, 인증 연결 정보, 핵심 대화 선호를 관리한다.에서 일반 개인화 저장 동의을(를) 관리",일반 개인화 저장 동의,varchar(20),N/A,N/A,비식별 가상 값,N/A,varchar,varchar(20),20,N/A,N/A,N,NOT_ASKED,N,애플리케이션 또는 사용자 입력,N,N/A,N,N/A,N/A,N/A,N,CHK_APP_USER_PERSONALIZATION_CONSENT_STATUS,CODE_CONSENT_STATUS,N/A,N/A,Spring Backend / 관리자 흐름,Spring Backend 서비스,"Backend, 대화·개인화 서비스",N/A,Y,개인정보 또는 건강·생활정보,Y,TBD,사용자/감사 정책,WITHDRAWN`은 복구 가능한 비활성 상태다. 개인정보 삭제 요청이 확정되면 연결·법적 보존 여부를 확인한 뒤 개인정보와 인증정보를 물리 삭제/비식별화한다. `password_hash`는 복구용으로 보존하지 않는다. 어르신 삭제가 연관 기억·대화·임베딩 삭제 작업을 시작한다.,Y,ACTIVE,0.3.0,0.3.0,N/A,S15P11E102-84,2026-07-23,원본 키/제약: 동의 상태 CHECK
app_user.health_data_consent_status,사용자·개인정보,사용자,app_user,17,건강·복약정보 저장 동의,health_data_consent_status,건강·복약정보 저장 동의,"어르신과 로그인 보호자의 공통 프로필, 인증 연결 정보, 핵심 대화 선호를 관리한다.에서 건강·복약정보 저장 동의을(를) 관리",건강·복약정보 저장 동의,varchar(20),N/A,N/A,비식별 가상 값,RULE_CONSENT_GATE,varchar,varchar(20),20,N/A,N/A,N,NOT_ASKED,N,애플리케이션 또는 사용자 입력,N,N/A,N,N/A,N/A,N/A,N,CHK_APP_USER_HEALTH_DATA_CONSENT_STATUS,CODE_CONSENT_STATUS,N/A,N/A,Spring Backend / 관리자 흐름,Spring Backend 서비스,"Backend, 대화·개인화 서비스",N/A,Y,개인정보 또는 건강·생활정보,Y,TBD,사용자/감사 정책,WITHDRAWN`은 복구 가능한 비활성 상태다. 개인정보 삭제 요청이 확정되면 연결·법적 보존 여부를 확인한 뒤 개인정보와 인증정보를 물리 삭제/비식별화한다. `password_hash`는 복구용으로 보존하지 않는다. 어르신 삭제가 연관 기억·대화·임베딩 삭제 작업을 시작한다.,Y,ACTIVE,0.3.0,0.3.0,N/A,S15P11E102-84,2026-07-23,원본 키/제약: 동의 상태 CHECK
app_user.schedule_consent_status,사용자·개인정보,사용자,app_user,18,일정·알림 생성 동의,schedule_consent_status,일정·알림 생성 동의,"어르신과 로그인 보호자의 공통 프로필, 인증 연결 정보, 핵심 대화 선호를 관리한다.에서 일정·알림 생성 동의을(를) 관리",일정·알림 생성 동의,varchar(20),N/A,N/A,비식별 가상 값,RULE_CONSENT_GATE,varchar,varchar(20),20,N/A,N/A,N,NOT_ASKED,N,애플리케이션 또는 사용자 입력,N,N/A,N,N/A,N/A,N/A,N,CHK_APP_USER_SCHEDULE_CONSENT_STATUS,CODE_CONSENT_STATUS,N/A,N/A,Spring Backend / 관리자 흐름,Spring Backend 서비스,"Backend, 대화·개인화 서비스",N/A,Y,개인정보 또는 건강·생활정보,Y,TBD,사용자/감사 정책,WITHDRAWN`은 복구 가능한 비활성 상태다. 개인정보 삭제 요청이 확정되면 연결·법적 보존 여부를 확인한 뒤 개인정보와 인증정보를 물리 삭제/비식별화한다. `password_hash`는 복구용으로 보존하지 않는다. 어르신 삭제가 연관 기억·대화·임베딩 삭제 작업을 시작한다.,Y,ACTIVE,0.3.0,0.3.0,N/A,S15P11E102-84,2026-07-23,원본 키/제약: 동의 상태 CHECK
app_user.guardian_sharing_consent_status,사용자·개인정보,사용자,app_user,19,보호자 공유 동의,guardian_sharing_consent_status,보호자 공유 동의; 관계 권한과 별도,"어르신과 로그인 보호자의 공통 프로필, 인증 연결 정보, 핵심 대화 선호를 관리한다.에서 보호자 공유 동의; 관계 권한과 별도을(를) 관리",보호자 공유 동의; 관계 권한과 별도,varchar(20),N/A,N/A,비식별 가상 값,RULE_CONSENT_GATE,varchar,varchar(20),20,N/A,N/A,N,NOT_ASKED,N,애플리케이션 또는 사용자 입력,N,N/A,N,N/A,N/A,N/A,N,CHK_APP_USER_GUARDIAN_SHARING_CONSENT_STATUS,CODE_CONSENT_STATUS,N/A,N/A,Spring Backend / 관리자 흐름,Spring Backend 서비스,"Backend, 대화·개인화 서비스",N/A,Y,개인정보 또는 건강·생활정보,Y,TBD,사용자/감사 정책,WITHDRAWN`은 복구 가능한 비활성 상태다. 개인정보 삭제 요청이 확정되면 연결·법적 보존 여부를 확인한 뒤 개인정보와 인증정보를 물리 삭제/비식별화한다. `password_hash`는 복구용으로 보존하지 않는다. 어르신 삭제가 연관 기억·대화·임베딩 삭제 작업을 시작한다.,Y,ACTIVE,0.3.0,0.3.0,N/A,S15P11E102-84,2026-07-23,원본 키/제약: 동의 상태 CHECK
app_user.consent_policy_version,사용자·개인정보,사용자,app_user,20,동의 문구·정책 버전,consent_policy_version,동의 문구·정책 버전,"어르신과 로그인 보호자의 공통 프로필, 인증 연결 정보, 핵심 대화 선호를 관리한다.에서 동의 문구·정책 버전을(를) 관리",동의 문구·정책 버전,varchar(50),N/A,N/A,CONSENT_POLICY_VERSION,N/A,varchar,varchar(50),50,N/A,N/A,Y,N/A,N,애플리케이션 또는 사용자 입력,N,N/A,N,N/A,N/A,N/A,N,N/A,N/A,N/A,N/A,Spring Backend / 관리자 흐름,Spring Backend 서비스,"Backend, 대화·개인화 서비스",N/A,N,N/A,N,N,감사 정책,행/업무 정책에 따라 삭제,N,ACTIVE,0.3.0,0.3.0,N/A,S15P11E102-84,2026-07-23,원본 키/제약: GRANTED가 하나라도 있으면 필수
app_user.consent_updated_at,사용자·개인정보,사용자,app_user,21,마지막 동의 변경 시각,consent_updated_at,마지막 동의 변경 시각,"어르신과 로그인 보호자의 공통 프로필, 인증 연결 정보, 핵심 대화 선호를 관리한다.에서 마지막 동의 변경 시각을(를) 관리",마지막 동의 변경 시각,timestamptz,N/A,UTC,46037,N/A,timestamptz,timestamptz,N/A,N/A,N/A,Y,N/A,N,애플리케이션 또는 사용자 입력,N,N/A,N,N/A,N/A,N/A,N,N/A,N/A,N/A,N/A,Spring Backend / 관리자 흐름,Spring Backend 서비스,"Backend, 대화·개인화 서비스",N/A,Y,개인정보 또는 건강·생활정보,Y,TBD,감사 정책,WITHDRAWN`은 복구 가능한 비활성 상태다. 개인정보 삭제 요청이 확정되면 연결·법적 보존 여부를 확인한 뒤 개인정보와 인증정보를 물리 삭제/비식별화한다. `password_hash`는 복구용으로 보존하지 않는다. 어르신 삭제가 연관 기억·대화·임베딩 삭제 작업을 시작한다.,Y,ACTIVE,0.3.0,0.3.0,N/A,S15P11E102-84,2026-07-23,원본 키/제약: 동의 상태 변경 시 필수
app_user.status,사용자·개인정보,사용자,app_user,22,업무 상태,status,서비스 상태,"어르신과 로그인 보호자의 공통 프로필, 인증 연결 정보, 핵심 대화 선호를 관리한다.에서 서비스 상태을(를) 관리",서비스 상태,varchar(20),N/A,N/A,STATUS,N/A,varchar,varchar(20),20,N/A,N/A,N,ACTIVE,N,애플리케이션 또는 사용자 입력,N,N/A,N,N/A,N/A,N/A,N,CHK_APP_USER_STATUS,CODE_USER_STATUS,N/A,N/A,Spring Backend / 관리자 흐름,Spring Backend 서비스,"Backend, 대화·개인화 서비스",N/A,N,N/A,N,N,사용자/감사 정책,행/업무 정책에 따라 삭제,Y,ACTIVE,0.3.0,0.3.0,N/A,S15P11E102-84,2026-07-23,"원본 키/제약: CHECK `ACTIVE, SUSPENDED, WITHDRAWN"
app_user.created_at,사용자·개인정보,사용자,app_user,23,생성 시각,created_at,생성 시각,"어르신과 로그인 보호자의 공통 프로필, 인증 연결 정보, 핵심 대화 선호를 관리한다.에서 생성 시각을(를) 관리",생성 시각,timestamptz,N/A,UTC,46037,N/A,timestamptz,timestamptz,N/A,N/A,N/A,N,now(),Y,PostgreSQL DEFAULT,N,N/A,N,N/A,N/A,N/A,N,N/A,N/A,N/A,N/A,Spring Backend / 관리자 흐름,Spring Backend 서비스,"Backend, 대화·개인화 서비스",N/A,N,N/A,N,N,행과 동일,행/업무 정책에 따라 삭제,N,ACTIVE,0.3.0,0.3.0,N/A,S15P11E102-84,2026-07-23,원본에 별도 키·제약 없음
app_user.updated_at,사용자·개인정보,사용자,app_user,24,최종 수정 시각,updated_at,최종 수정 시각,"어르신과 로그인 보호자의 공통 프로필, 인증 연결 정보, 핵심 대화 선호를 관리한다.에서 최종 수정 시각을(를) 관리",최종 수정 시각,timestamptz,N/A,UTC,46037,N/A,timestamptz,timestamptz,N/A,N/A,N/A,N,now(),Y,PostgreSQL DEFAULT,N,N/A,N,N/A,N/A,N/A,N,N/A,N/A,N/A,N/A,Spring Backend / 관리자 흐름,Spring Backend 서비스,"Backend, 대화·개인화 서비스",N/A,N,N/A,N,N,행과 동일,행/업무 정책에 따라 삭제,N,ACTIVE,0.3.0,0.3.0,N/A,S15P11E102-84,2026-07-23,원본 키/제약: 서비스가 갱신
care_relationship.id,돌봄 관계·권한,돌봄 관계,care_relationship,1,내부 식별자,id,관계 ID,"어르신-보호자 N:M 연결, 우선순위와 관계별 권한을 관리한다.에서 관계 ID을(를) 관리",관계 ID,uuid,N/A,N/A,00000000-0000-4000-8000-000000000001,N/A,uuid,uuid,N/A,N/A,N/A,N,gen_random_uuid(),Y,PostgreSQL DEFAULT,Y,1,N,N/A,N/A,N/A,N,N/A,N/A,N/A,N/A,Spring Backend / 사용자 요청,Spring Backend 서비스,"Backend 권한 검사, 보호자 대시보드",N/A,간접,간접식별정보,Y,TBD,관계,"어르신의 연결 해제 요청은 `DISCONNECT_REQUESTED`로 접근을 즉시 중지하고, 처리 후 `ENDED`와 `ended_at`으로 논리 종료한다. 관리상 강제 해제는 `REVOKED`를 사용한다. 개인정보 삭제 요청 시 사용자 FK 처리와 감사 보존 정책을 함께 검토한다. 권한 JSON에 자유 텍스트나 대상자의 건강·대화 내용을 넣지 않는다.",Y,ACTIVE,0.3.0,0.3.0,N/A,S15P11E102-84,2026-07-23,원본 키/제약: PK
care_relationship.senior_id,돌봄 관계·권한,돌봄 관계,care_relationship,2,대상 어르신 ID,senior_id,보호 대상 어르신,"어르신-보호자 N:M 연결, 우선순위와 관계별 권한을 관리한다.에서 보호 대상 어르신을(를) 관리",보호 대상 어르신,uuid,N/A,N/A,00000000-0000-4000-8000-000000000001,"RULE_RELATION_DISTINCT_USERS, RULE_RELATION_USER_TYPES",uuid,uuid,N/A,N/A,N/A,N,N/A,N,애플리케이션 또는 사용자 입력,N,N/A,Y,FK_CARE_RELATIONSHIP_SENIOR_ID,app_user,id,N,RULE_RELATION_DISTINCT_USERS,N/A,N/A,N/A,Spring Backend / 사용자 요청,Spring Backend 서비스,"Backend 권한 검사, 보호자 대시보드",N/A,Y,개인정보 또는 건강·생활정보,Y,TBD,관계,"어르신의 연결 해제 요청은 `DISCONNECT_REQUESTED`로 접근을 즉시 중지하고, 처리 후 `ENDED`와 `ended_at`으로 논리 종료한다. 관리상 강제 해제는 `REVOKED`를 사용한다. 개인정보 삭제 요청 시 사용자 FK 처리와 감사 보존 정책을 함께 검토한다. 권한 JSON에 자유 텍스트나 대상자의 건강·대화 내용을 넣지 않는다.",Y,ACTIVE,0.3.0,0.3.0,N/A,S15P11E102-84,2026-07-23,"원본 키/제약: FK→`app_user.id`, guardian과 다름"
care_relationship.guardian_id,돌봄 관계·권한,돌봄 관계,care_relationship,3,보호자 ID,guardian_id,로그인 보호자,"어르신-보호자 N:M 연결, 우선순위와 관계별 권한을 관리한다.에서 로그인 보호자을(를) 관리",로그인 보호자,uuid,N/A,N/A,00000000-0000-4000-8000-000000000001,"RULE_RELATION_DISTINCT_USERS, RULE_RELATION_USER_TYPES",uuid,uuid,N/A,N/A,N/A,N,N/A,N,애플리케이션 또는 사용자 입력,N,N/A,Y,FK_CARE_RELATIONSHIP_GUARDIAN_ID,app_user,id,N,RULE_RELATION_DISTINCT_USERS,N/A,N/A,N/A,Spring Backend / 사용자 요청,Spring Backend 서비스,"Backend 권한 검사, 보호자 대시보드",N/A,Y,개인정보 또는 건강·생활정보,Y,TBD,관계,"어르신의 연결 해제 요청은 `DISCONNECT_REQUESTED`로 접근을 즉시 중지하고, 처리 후 `ENDED`와 `ended_at`으로 논리 종료한다. 관리상 강제 해제는 `REVOKED`를 사용한다. 개인정보 삭제 요청 시 사용자 FK 처리와 감사 보존 정책을 함께 검토한다. 권한 JSON에 자유 텍스트나 대상자의 건강·대화 내용을 넣지 않는다.",Y,ACTIVE,0.3.0,0.3.0,N/A,S15P11E102-84,2026-07-23,원본 키/제약: FK→`app_user.id
care_relationship.priority,돌봄 관계·권한,돌봄 관계,care_relationship,4,알림·관리 우선순위,priority,알림·관리 우선순위,"어르신-보호자 N:M 연결, 우선순위와 관계별 권한을 관리한다.에서 알림·관리 우선순위을(를) 관리",알림·관리 우선순위,varchar(20),N/A,N/A,비식별 가상 값,N/A,varchar,varchar(20),20,N/A,N/A,N,N/A,N,애플리케이션 또는 사용자 입력,N,N/A,N,N/A,N/A,N/A,N,CHK_CARE_RELATIONSHIP_PRIORITY,CODE_RELATIONSHIP_PRIORITY,N/A,N/A,Spring Backend / 사용자 요청,Spring Backend 서비스,"Backend 권한 검사, 보호자 대시보드",N/A,Y,개인정보 또는 건강·생활정보,Y,TBD,관계,"어르신의 연결 해제 요청은 `DISCONNECT_REQUESTED`로 접근을 즉시 중지하고, 처리 후 `ENDED`와 `ended_at`으로 논리 종료한다. 관리상 강제 해제는 `REVOKED`를 사용한다. 개인정보 삭제 요청 시 사용자 FK 처리와 감사 보존 정책을 함께 검토한다. 권한 JSON에 자유 텍스트나 대상자의 건강·대화 내용을 넣지 않는다.",Y,ACTIVE,0.3.0,0.3.0,N/A,S15P11E102-84,2026-07-23,"원본 키/제약: CHECK `PRIMARY, SECONDARY"
care_relationship.permissions,돌봄 관계·권한,돌봄 관계,care_relationship,5,관계별 최종 유효 권한 스냅샷,permissions,관계별 최종 유효 권한 스냅샷,"어르신-보호자 N:M 연결, 우선순위와 관계별 권한을 관리한다.에서 관계별 최종 유효 권한 스냅샷을(를) 관리",관계별 최종 유효 권한 스냅샷,JSON object; 구조 ID 참조,N/A,N/A,구조 ID 참조,RULE_PRIMARY_MANAGES_RELATIONSHIPS,jsonb,jsonb,N/A,N/A,N/A,N,N/A,N,애플리케이션 또는 사용자 입력,N,N/A,N,N/A,N/A,N/A,N,CHK_CARE_RELATIONSHIP_PERMISSIONS,N/A,JSON_RELATIONSHIP_PERMISSIONS_V1,N/A,Spring Backend / 사용자 요청,Spring Backend 서비스,"Backend 권한 검사, 보호자 대시보드",N/A,Y,개인정보 또는 건강·생활정보,Y,TBD,관계,"어르신의 연결 해제 요청은 `DISCONNECT_REQUESTED`로 접근을 즉시 중지하고, 처리 후 `ENDED`와 `ended_at`으로 논리 종료한다. 관리상 강제 해제는 `REVOKED`를 사용한다. 개인정보 삭제 요청 시 사용자 FK 처리와 감사 보존 정책을 함께 검토한다. 권한 JSON에 자유 텍스트나 대상자의 건강·대화 내용을 넣지 않는다.",Y,ACTIVE,0.3.0,0.3.0,N/A,S15P11E102-84,2026-07-23,"원본 키/제약: JSON object CHECK, 서비스 필수 DTO"
care_relationship.status,돌봄 관계·권한,돌봄 관계,care_relationship,6,업무 상태,status,연결·해제 요청 상태,"어르신-보호자 N:M 연결, 우선순위와 관계별 권한을 관리한다.에서 연결·해제 요청 상태을(를) 관리",연결·해제 요청 상태,varchar(30),N/A,N/A,비식별 가상 값,N/A,varchar,varchar(30),30,N/A,N/A,N,PENDING,N,애플리케이션 또는 사용자 입력,N,N/A,N,N/A,N/A,N/A,N,CHK_CARE_RELATIONSHIP_STATUS,CODE_RELATIONSHIP_STATUS,N/A,N/A,Spring Backend / 사용자 요청,Spring Backend 서비스,"Backend 권한 검사, 보호자 대시보드",N/A,Y,개인정보 또는 건강·생활정보,Y,TBD,관계/감사,"어르신의 연결 해제 요청은 `DISCONNECT_REQUESTED`로 접근을 즉시 중지하고, 처리 후 `ENDED`와 `ended_at`으로 논리 종료한다. 관리상 강제 해제는 `REVOKED`를 사용한다. 개인정보 삭제 요청 시 사용자 FK 처리와 감사 보존 정책을 함께 검토한다. 권한 JSON에 자유 텍스트나 대상자의 건강·대화 내용을 넣지 않는다.",Y,ACTIVE,0.3.0,0.3.0,N/A,S15P11E102-84,2026-07-23,"원본 키/제약: CHECK `PENDING, ACTIVE, DISCONNECT_REQUESTED, ENDED, REVOKED"
care_relationship.connected_at,돌봄 관계·권한,돌봄 관계,care_relationship,7,연결 효력 시작,connected_at,연결 효력 시작,"어르신-보호자 N:M 연결, 우선순위와 관계별 권한을 관리한다.에서 연결 효력 시작을(를) 관리",연결 효력 시작,timestamptz,N/A,UTC,46037,N/A,timestamptz,timestamptz,N/A,N/A,N/A,Y,N/A,N,애플리케이션 또는 사용자 입력,N,N/A,N,N/A,N/A,N/A,N,N/A,N/A,N/A,N/A,Spring Backend / 사용자 요청,Spring Backend 서비스,"Backend 권한 검사, 보호자 대시보드",N/A,Y,개인정보 또는 건강·생활정보,Y,TBD,관계,"어르신의 연결 해제 요청은 `DISCONNECT_REQUESTED`로 접근을 즉시 중지하고, 처리 후 `ENDED`와 `ended_at`으로 논리 종료한다. 관리상 강제 해제는 `REVOKED`를 사용한다. 개인정보 삭제 요청 시 사용자 FK 처리와 감사 보존 정책을 함께 검토한다. 권한 JSON에 자유 텍스트나 대상자의 건강·대화 내용을 넣지 않는다.",Y,ACTIVE,0.3.0,0.3.0,N/A,S15P11E102-84,2026-07-23,원본 키/제약: ACTIVE이면 필수
care_relationship.ended_at,돌봄 관계·권한,돌봄 관계,care_relationship,8,종료 시각,ended_at,연결 종료 시각,"어르신-보호자 N:M 연결, 우선순위와 관계별 권한을 관리한다.에서 연결 종료 시각을(를) 관리",연결 종료 시각,timestamptz,N/A,UTC,46037,N/A,timestamptz,timestamptz,N/A,N/A,N/A,Y,N/A,N,애플리케이션 또는 사용자 입력,N,N/A,N,N/A,N/A,N/A,N,N/A,N/A,N/A,N/A,Spring Backend / 사용자 요청,Spring Backend 서비스,"Backend 권한 검사, 보호자 대시보드",N/A,Y,개인정보 또는 건강·생활정보,Y,TBD,관계,"어르신의 연결 해제 요청은 `DISCONNECT_REQUESTED`로 접근을 즉시 중지하고, 처리 후 `ENDED`와 `ended_at`으로 논리 종료한다. 관리상 강제 해제는 `REVOKED`를 사용한다. 개인정보 삭제 요청 시 사용자 FK 처리와 감사 보존 정책을 함께 검토한다. 권한 JSON에 자유 텍스트나 대상자의 건강·대화 내용을 넣지 않는다.",Y,ACTIVE,0.3.0,0.3.0,N/A,S15P11E102-84,2026-07-23,원본 키/제약: 종료 상태면 필수
care_relationship.created_at,돌봄 관계·권한,돌봄 관계,care_relationship,9,생성 시각,created_at,요청/행 생성 시각,"어르신-보호자 N:M 연결, 우선순위와 관계별 권한을 관리한다.에서 요청/행 생성 시각을(를) 관리",요청/행 생성 시각,timestamptz,N/A,UTC,46037,N/A,timestamptz,timestamptz,N/A,N/A,N/A,N,now(),Y,PostgreSQL DEFAULT,N,N/A,N,N/A,N/A,N/A,N,N/A,N/A,N/A,N/A,Spring Backend / 사용자 요청,Spring Backend 서비스,"Backend 권한 검사, 보호자 대시보드",N/A,N,N/A,N,N,행과 동일,행/업무 정책에 따라 삭제,N,ACTIVE,0.3.0,0.3.0,N/A,S15P11E102-84,2026-07-23,원본에 별도 키·제약 없음
care_relationship.updated_at,돌봄 관계·권한,돌봄 관계,care_relationship,10,최종 수정 시각,updated_at,최종 수정 시각,"어르신-보호자 N:M 연결, 우선순위와 관계별 권한을 관리한다.에서 최종 수정 시각을(를) 관리",최종 수정 시각,timestamptz,N/A,UTC,46037,N/A,timestamptz,timestamptz,N/A,N/A,N/A,N,now(),Y,PostgreSQL DEFAULT,N,N/A,N,N/A,N/A,N/A,N,N/A,N/A,N/A,N/A,Spring Backend / 사용자 요청,Spring Backend 서비스,"Backend 권한 검사, 보호자 대시보드",N/A,N,N/A,N,N,행과 동일,행/업무 정책에 따라 삭제,N,ACTIVE,0.3.0,0.3.0,N/A,S15P11E102-84,2026-07-23,원본 키/제약: 서비스가 갱신
robot.id,로봇·배정,로봇,robot,1,내부 식별자,id,로봇 내부 ID,"로봇 식별, 현재 어르신 배정, 최신 운영 상태와 Nav2 waypoint 참조를 한 행에서 관리한다.에서 로봇 내부 ID을(를) 관리",로봇 내부 ID,uuid,N/A,N/A,00000000-0000-4000-8000-000000000001,N/A,uuid,uuid,N/A,N/A,N/A,N,gen_random_uuid(),Y,PostgreSQL DEFAULT,Y,1,N,N/A,N/A,N/A,N,N/A,N/A,N/A,N/A,Spring Backend / 장치 등록,Spring Backend 서비스,"Backend, Robot MQTT Bridge",N/A,N,N/A,N,N,로봇,행/업무 정책에 따라 삭제,N,ACTIVE,0.3.0,0.3.0,N/A,S15P11E102-84,2026-07-23,원본 키/제약: PK
robot.senior_id,로봇·배정,로봇,robot,2,대상 어르신 ID,senior_id,현재 배정 어르신,"로봇 식별, 현재 어르신 배정, 최신 운영 상태와 Nav2 waypoint 참조를 한 행에서 관리한다.에서 현재 배정 어르신을(를) 관리",현재 배정 어르신,uuid,N/A,N/A,00000000-0000-4000-8000-000000000001,RULE_ROBOT_ACTIVE_ASSIGNMENT,uuid,uuid,N/A,N/A,N/A,Y,N/A,N,애플리케이션 또는 사용자 입력,N,N/A,Y,FK_ROBOT_SENIOR_ID,app_user,id,Y,CONSTRAINT_UQ_ROBOT_ACTIVE_SENIOR,N/A,N/A,N/A,Spring Backend / 장치 등록,Spring Backend 서비스,"Backend, Robot MQTT Bridge",N/A,Y,개인정보 또는 건강·생활정보,Y,TBD,배정 기간,"로봇 폐기는 `status=RETIRED`, 배정 해제는 `is_active=false`로 처리한다. 사용자 삭제 시 로봇 행은 유지하되 `senior_id`와 주거공간을 유추할 waypoint를 제거한다. 초당 상태·pose·온습도 이력은 생성하지 않는다.",Y,ACTIVE,0.3.0,0.3.0,N/A,S15P11E102-84,2026-07-23,원본 키/제약: FK→`app_user.id`; 활성 배정 부분 UNIQUE
robot.serial_number,로봇·배정,로봇,robot,3,제조/등록 시리얼,serial_number,제조/등록 시리얼,"로봇 식별, 현재 어르신 배정, 최신 운영 상태와 Nav2 waypoint 참조를 한 행에서 관리한다.에서 제조/등록 시리얼을(를) 관리",제조/등록 시리얼,varchar(100),N/A,N/A,SERIAL_NUMBER,N/A,varchar,varchar(100),100,N/A,N/A,N,N/A,N,애플리케이션 또는 사용자 입력,N,N/A,N,N/A,N/A,N/A,Y,CONSTRAINT_UQ_ROBOT_SERIAL_NUMBER,N/A,N/A,N/A,Spring Backend / 장치 등록,Spring Backend 서비스,"Backend, Robot MQTT Bridge",MAP-ROBOT-EXTERNAL-ID,간접,간접식별정보,Y,TBD,로봇,"로봇 폐기는 `status=RETIRED`, 배정 해제는 `is_active=false`로 처리한다. 사용자 삭제 시 로봇 행은 유지하되 `senior_id`와 주거공간을 유추할 waypoint를 제거한다. 초당 상태·pose·온습도 이력은 생성하지 않는다.",Y,ACTIVE,0.3.0,0.3.0,N/A,S15P11E102-84,2026-07-23,원본 키/제약: UNIQUE
robot.name,로봇·배정,로봇,robot,4,화면 표시명,name,화면 표시명,"로봇 식별, 현재 어르신 배정, 최신 운영 상태와 Nav2 waypoint 참조를 한 행에서 관리한다.에서 화면 표시명을(를) 관리",화면 표시명,varchar(100),N/A,N/A,NAME,N/A,varchar,varchar(100),100,N/A,N/A,N,N/A,N,애플리케이션 또는 사용자 입력,N,N/A,N,N/A,N/A,N/A,N,N/A,N/A,N/A,N/A,Spring Backend / 장치 등록,Spring Backend 서비스,"Backend, Robot MQTT Bridge",N/A,N,N/A,N,N,로봇,행/업무 정책에 따라 삭제,N,ACTIVE,0.3.0,0.3.0,N/A,S15P11E102-84,2026-07-23,원본에 별도 키·제약 없음
robot.status,로봇·배정,로봇,robot,5,업무 상태,status,장치 수명 상태,"로봇 식별, 현재 어르신 배정, 최신 운영 상태와 Nav2 waypoint 참조를 한 행에서 관리한다.에서 장치 수명 상태을(를) 관리",장치 수명 상태,varchar(20),N/A,N/A,STATUS,N/A,varchar,varchar(20),20,N/A,N/A,N,REGISTERED,N,애플리케이션 또는 사용자 입력,N,N/A,N,N/A,N/A,N/A,N,CHK_ROBOT_STATUS,CODE_ROBOT_STATUS,N/A,N/A,Spring Backend / 장치 등록,Spring Backend 서비스,"Backend, Robot MQTT Bridge",N/A,N,N/A,N,N,로봇,행/업무 정책에 따라 삭제,Y,ACTIVE,0.3.0,0.3.0,N/A,S15P11E102-84,2026-07-23,"원본 키/제약: CHECK `REGISTERED, ACTIVE, MAINTENANCE, RETIRED"
robot.current_mode,로봇·배정,로봇,robot,6,최신 업무 모드,current_mode,최신 업무 모드,"로봇 식별, 현재 어르신 배정, 최신 운영 상태와 Nav2 waypoint 참조를 한 행에서 관리한다.에서 최신 업무 모드을(를) 관리",최신 업무 모드,varchar(40),N/A,N/A,CURRENT_MODE,RULE_REST_GUARD_ALLOWLIST,varchar,varchar(40),40,N/A,N/A,N,IDLE,N,애플리케이션 또는 사용자 입력,N,N/A,N,N/A,N/A,N/A,N,CHK_ROBOT_CURRENT_MODE,CODE_ROBOT_MODE,N/A,N/A,Spring Backend / 장치 등록,Spring Backend 서비스,"Backend, Robot MQTT Bridge",MAP-REST-ROBOT-MODE,간접,간접식별정보,Y,TBD,최신값만,"로봇 폐기는 `status=RETIRED`, 배정 해제는 `is_active=false`로 처리한다. 사용자 삭제 시 로봇 행은 유지하되 `senior_id`와 주거공간을 유추할 waypoint를 제거한다. 초당 상태·pose·온습도 이력은 생성하지 않는다.",Y,ACTIVE,0.3.0,0.3.0,N/A,S15P11E102-84,2026-07-23,"원본 키/제약: CHECK `IDLE, SCENARIO_ACTIVE, REST_GUARD, SAFE_STOP"
robot.battery_level,로봇·배정,로봇,robot,7,최신 배터리 백분율,battery_level,최신 배터리 백분율,"로봇 식별, 현재 어르신 배정, 최신 운영 상태와 Nav2 waypoint 참조를 한 행에서 관리한다.에서 최신 배터리 백분율을(를) 관리",최신 배터리 백분율,"numeric(5,2)",%,N/A,0,N/A,numeric,"numeric(5,2)",N/A,5,2,Y,N/A,N,애플리케이션 또는 사용자 입력,N,N/A,N,N/A,N/A,N/A,N,CHK_ROBOT_BATTERY_LEVEL,N/A,N/A,N/A,Spring Backend / 장치 등록,Spring Backend 서비스,"Backend, Robot MQTT Bridge",N/A,N,N/A,N,N,최신값만,행/업무 정책에 따라 삭제,N,ACTIVE,0.3.0,0.3.0,N/A,S15P11E102-84,2026-07-23,원본 키/제약: CHECK 0~100
robot.last_seen_at,로봇·배정,로봇,robot,8,마지막 정상 통신 수신,last_seen_at,마지막 정상 통신 수신,"로봇 식별, 현재 어르신 배정, 최신 운영 상태와 Nav2 waypoint 참조를 한 행에서 관리한다.에서 마지막 정상 통신 수신을(를) 관리",마지막 정상 통신 수신,timestamptz,N/A,UTC,46037,N/A,timestamptz,timestamptz,N/A,N/A,N/A,Y,N/A,N,애플리케이션 또는 사용자 입력,N,N/A,N,N/A,N/A,N/A,N,N/A,N/A,N/A,N/A,Spring Backend / 장치 등록,Spring Backend 서비스,"Backend, Robot MQTT Bridge",N/A,간접,간접식별정보,Y,TBD,최신값만,"로봇 폐기는 `status=RETIRED`, 배정 해제는 `is_active=false`로 처리한다. 사용자 삭제 시 로봇 행은 유지하되 `senior_id`와 주거공간을 유추할 waypoint를 제거한다. 초당 상태·pose·온습도 이력은 생성하지 않는다.",Y,ACTIVE,0.3.0,0.3.0,N/A,S15P11E102-84,2026-07-23,원본에 별도 키·제약 없음
robot.map_version,로봇·배정,로봇,robot,9,로봇이 사용하는 지도 버전 참조,map_version,로봇이 사용하는 지도 버전 참조,"로봇 식별, 현재 어르신 배정, 최신 운영 상태와 Nav2 waypoint 참조를 한 행에서 관리한다.에서 로봇이 사용하는 지도 버전 참조을(를) 관리",로봇이 사용하는 지도 버전 참조,varchar(100),N/A,N/A,MAP_VERSION,N/A,varchar,varchar(100),100,N/A,N/A,Y,N/A,N,애플리케이션 또는 사용자 입력,N,N/A,N,N/A,N/A,N/A,N,N/A,N/A,N/A,N/A,Spring Backend / 장치 등록,Spring Backend 서비스,"Backend, Robot MQTT Bridge",N/A,간접,간접식별정보,Y,TBD,배정 기간,"로봇 폐기는 `status=RETIRED`, 배정 해제는 `is_active=false`로 처리한다. 사용자 삭제 시 로봇 행은 유지하되 `senior_id`와 주거공간을 유추할 waypoint를 제거한다. 초당 상태·pose·온습도 이력은 생성하지 않는다.",Y,ACTIVE,0.3.0,0.3.0,N/A,S15P11E102-84,2026-07-23,원본에 별도 키·제약 없음
robot.entrance_waypoint,로봇·배정,로봇,robot,10,Nav2 현관 waypoint 키,entrance_waypoint,Nav2 현관 waypoint 키,"로봇 식별, 현재 어르신 배정, 최신 운영 상태와 Nav2 waypoint 참조를 한 행에서 관리한다.에서 Nav2 현관 waypoint 키을(를) 관리",Nav2 현관 waypoint 키,varchar(200),N/A,N/A,비식별 가상 값,N/A,varchar,varchar(200),200,N/A,N/A,Y,N/A,N,애플리케이션 또는 사용자 입력,N,N/A,N,N/A,N/A,N/A,N,N/A,N/A,N/A,N/A,Spring Backend / 장치 등록,Spring Backend 서비스,"Backend, Robot MQTT Bridge",N/A,Y,개인정보 또는 건강·생활정보,Y,TBD,배정 기간,"로봇 폐기는 `status=RETIRED`, 배정 해제는 `is_active=false`로 처리한다. 사용자 삭제 시 로봇 행은 유지하되 `senior_id`와 주거공간을 유추할 waypoint를 제거한다. 초당 상태·pose·온습도 이력은 생성하지 않는다.",Y,ACTIVE,0.3.0,0.3.0,N/A,S15P11E102-84,2026-07-23,원본 키/제약: 활성 배정 시 서비스 검증
robot.default_waypoint,로봇·배정,로봇,robot,11,안전 확인 후 복귀할 기본 위치 키,default_waypoint,안전 확인 후 복귀할 기본 위치 키,"로봇 식별, 현재 어르신 배정, 최신 운영 상태와 Nav2 waypoint 참조를 한 행에서 관리한다.에서 안전 확인 후 복귀할 기본 위치 키을(를) 관리",안전 확인 후 복귀할 기본 위치 키,varchar(200),N/A,N/A,비식별 가상 값,N/A,varchar,varchar(200),200,N/A,N/A,Y,N/A,N,애플리케이션 또는 사용자 입력,N,N/A,N,N/A,N/A,N/A,N,N/A,N/A,N/A,N/A,Spring Backend / 장치 등록,Spring Backend 서비스,"Backend, Robot MQTT Bridge",N/A,Y,개인정보 또는 건강·생활정보,Y,TBD,배정 기간,"로봇 폐기는 `status=RETIRED`, 배정 해제는 `is_active=false`로 처리한다. 사용자 삭제 시 로봇 행은 유지하되 `senior_id`와 주거공간을 유추할 waypoint를 제거한다. 초당 상태·pose·온습도 이력은 생성하지 않는다.",Y,ACTIVE,0.3.0,0.3.0,N/A,S15P11E102-84,2026-07-23,원본 키/제약: 활성 배정 시 서비스 검증
robot.current_waypoint,로봇·배정,로봇,robot,12,최신 의미 있는 위치 키,current_waypoint,최신 의미 있는 위치 키; 실시간 pose 아님,"로봇 식별, 현재 어르신 배정, 최신 운영 상태와 Nav2 waypoint 참조를 한 행에서 관리한다.에서 최신 의미 있는 위치 키; 실시간 pose 아님을(를) 관리",최신 의미 있는 위치 키; 실시간 pose 아님,varchar(200),N/A,N/A,비식별 가상 값,N/A,varchar,varchar(200),200,N/A,N/A,Y,N/A,N,애플리케이션 또는 사용자 입력,N,N/A,N,N/A,N/A,N/A,N,N/A,N/A,N/A,N/A,Spring Backend / 장치 등록,Spring Backend 서비스,"Backend, Robot MQTT Bridge",N/A,Y,개인정보 또는 건강·생활정보,Y,TBD,최신값만,"로봇 폐기는 `status=RETIRED`, 배정 해제는 `is_active=false`로 처리한다. 사용자 삭제 시 로봇 행은 유지하되 `senior_id`와 주거공간을 유추할 waypoint를 제거한다. 초당 상태·pose·온습도 이력은 생성하지 않는다.",Y,ACTIVE,0.3.0,0.3.0,N/A,S15P11E102-84,2026-07-23,원본에 별도 키·제약 없음
robot.ambient_temperature_c,로봇·배정,로봇,robot,13,최신 실내 온도 스냅샷,ambient_temperature_c,최신 실내 온도 스냅샷,"로봇 식별, 현재 어르신 배정, 최신 운영 상태와 Nav2 waypoint 참조를 한 행에서 관리한다.에서 최신 실내 온도 스냅샷을(를) 관리",최신 실내 온도 스냅샷,"numeric(5,2)",°C,N/A,0,RULE_AMBIENT_LATEST_WINS,numeric,"numeric(5,2)",N/A,5,2,Y,N/A,N,애플리케이션 또는 사용자 입력,N,N/A,N,N/A,N/A,N/A,N,CHK_ROBOT_AMBIENT_TEMPERATURE_C,N/A,N/A,N/A,Spring Backend / 장치 등록,Spring Backend 서비스,"Backend, Robot MQTT Bridge",MAP-AMBIENT-TEMPERATURE,파생,민감 파생정보,Y,TBD,최신값만,"로봇 폐기는 `status=RETIRED`, 배정 해제는 `is_active=false`로 처리한다. 사용자 삭제 시 로봇 행은 유지하되 `senior_id`와 주거공간을 유추할 waypoint를 제거한다. 초당 상태·pose·온습도 이력은 생성하지 않는다.",Y,ACTIVE,0.3.0,0.3.0,N/A,S15P11E102-84,2026-07-23,원본 키/제약: CHECK `-40~85
robot.ambient_humidity_percent,로봇·배정,로봇,robot,14,최신 상대습도 스냅샷,ambient_humidity_percent,최신 상대습도 스냅샷,"로봇 식별, 현재 어르신 배정, 최신 운영 상태와 Nav2 waypoint 참조를 한 행에서 관리한다.에서 최신 상대습도 스냅샷을(를) 관리",최신 상대습도 스냅샷,"numeric(5,2)",%,N/A,0,RULE_AMBIENT_LATEST_WINS,numeric,"numeric(5,2)",N/A,5,2,Y,N/A,N,애플리케이션 또는 사용자 입력,N,N/A,N,N/A,N/A,N/A,N,CHK_ROBOT_AMBIENT_HUMIDITY_PERCENT,N/A,N/A,N/A,Spring Backend / 장치 등록,Spring Backend 서비스,"Backend, Robot MQTT Bridge",MAP-AMBIENT-HUMIDITY,파생,민감 파생정보,Y,TBD,최신값만,"로봇 폐기는 `status=RETIRED`, 배정 해제는 `is_active=false`로 처리한다. 사용자 삭제 시 로봇 행은 유지하되 `senior_id`와 주거공간을 유추할 waypoint를 제거한다. 초당 상태·pose·온습도 이력은 생성하지 않는다.",Y,ACTIVE,0.3.0,0.3.0,N/A,S15P11E102-84,2026-07-23,원본 키/제약: CHECK `0~100
robot.ambient_observed_at,로봇·배정,로봇,robot,15,최신 온습도 관측 시각,ambient_observed_at,최신 온습도 관측 시각,"로봇 식별, 현재 어르신 배정, 최신 운영 상태와 Nav2 waypoint 참조를 한 행에서 관리한다.에서 최신 온습도 관측 시각을(를) 관리",최신 온습도 관측 시각,timestamptz,N/A,UTC,46037,RULE_AMBIENT_LATEST_WINS,timestamptz,timestamptz,N/A,N/A,N/A,Y,N/A,N,애플리케이션 또는 사용자 입력,N,N/A,N,N/A,N/A,N/A,N,N/A,N/A,N/A,N/A,Spring Backend / 장치 등록,Spring Backend 서비스,"Backend, Robot MQTT Bridge",MAP-AMBIENT-OCCURRED-AT,간접,간접식별정보,Y,TBD,최신값만,"로봇 폐기는 `status=RETIRED`, 배정 해제는 `is_active=false`로 처리한다. 사용자 삭제 시 로봇 행은 유지하되 `senior_id`와 주거공간을 유추할 waypoint를 제거한다. 초당 상태·pose·온습도 이력은 생성하지 않는다.",Y,ACTIVE,0.3.0,0.3.0,N/A,S15P11E102-84,2026-07-23,원본 키/제약: 온도·습도 중 하나가 있으면 필수
robot.ambient_sensor_code,로봇·배정,로봇,robot,16,최신값을 만든 센서 코드,ambient_sensor_code,최신값을 만든 센서 코드; device FK 없음,"로봇 식별, 현재 어르신 배정, 최신 운영 상태와 Nav2 waypoint 참조를 한 행에서 관리한다.에서 최신값을 만든 센서 코드; device FK 없음을(를) 관리",최신값을 만든 센서 코드; device FK 없음,varchar(100),N/A,N/A,AMBIENT_SENSOR_CODE,N/A,varchar,varchar(100),100,N/A,N/A,Y,N/A,N,애플리케이션 또는 사용자 입력,N,N/A,N,N/A,N/A,N/A,N,N/A,N/A,N/A,N/A,Spring Backend / 장치 등록,Spring Backend 서비스,"Backend, Robot MQTT Bridge",MAP-AMBIENT-SOURCE,간접,간접식별정보,Y,TBD,최신값만,"로봇 폐기는 `status=RETIRED`, 배정 해제는 `is_active=false`로 처리한다. 사용자 삭제 시 로봇 행은 유지하되 `senior_id`와 주거공간을 유추할 waypoint를 제거한다. 초당 상태·pose·온습도 이력은 생성하지 않는다.",Y,ACTIVE,0.3.0,0.3.0,N/A,S15P11E102-84,2026-07-23,원본 키/제약: 등록 장치 코드 서비스 검증
robot.assigned_at,로봇·배정,로봇,robot,17,현재 배정 시작,assigned_at,현재 배정 시작,"로봇 식별, 현재 어르신 배정, 최신 운영 상태와 Nav2 waypoint 참조를 한 행에서 관리한다.에서 현재 배정 시작을(를) 관리",현재 배정 시작,timestamptz,N/A,UTC,46037,RULE_ROBOT_ACTIVE_ASSIGNMENT,timestamptz,timestamptz,N/A,N/A,N/A,Y,N/A,N,애플리케이션 또는 사용자 입력,N,N/A,N,N/A,N/A,N/A,N,N/A,N/A,N/A,N/A,Spring Backend / 장치 등록,Spring Backend 서비스,"Backend, Robot MQTT Bridge",N/A,Y,개인정보 또는 건강·생활정보,Y,TBD,배정 기간,"로봇 폐기는 `status=RETIRED`, 배정 해제는 `is_active=false`로 처리한다. 사용자 삭제 시 로봇 행은 유지하되 `senior_id`와 주거공간을 유추할 waypoint를 제거한다. 초당 상태·pose·온습도 이력은 생성하지 않는다.",Y,ACTIVE,0.3.0,0.3.0,N/A,S15P11E102-84,2026-07-23,원본 키/제약: 활성 배정 시 필수
robot.unassigned_at,로봇·배정,로봇,robot,18,배정 종료,unassigned_at,배정 종료,"로봇 식별, 현재 어르신 배정, 최신 운영 상태와 Nav2 waypoint 참조를 한 행에서 관리한다.에서 배정 종료을(를) 관리",배정 종료,timestamptz,N/A,UTC,46037,RULE_ROBOT_ACTIVE_ASSIGNMENT,timestamptz,timestamptz,N/A,N/A,N/A,Y,N/A,N,애플리케이션 또는 사용자 입력,N,N/A,N,N/A,N/A,N/A,N,N/A,N/A,N/A,N/A,Spring Backend / 장치 등록,Spring Backend 서비스,"Backend, Robot MQTT Bridge",N/A,Y,개인정보 또는 건강·생활정보,Y,TBD,배정/감사 정책,"로봇 폐기는 `status=RETIRED`, 배정 해제는 `is_active=false`로 처리한다. 사용자 삭제 시 로봇 행은 유지하되 `senior_id`와 주거공간을 유추할 waypoint를 제거한다. 초당 상태·pose·온습도 이력은 생성하지 않는다.",Y,ACTIVE,0.3.0,0.3.0,N/A,S15P11E102-84,2026-07-23,원본 키/제약: 비활성화 시 사용
robot.is_active,로봇·배정,로봇,robot,19,현재 활성 여부,is_active,현재 배정 활성 여부,"로봇 식별, 현재 어르신 배정, 최신 운영 상태와 Nav2 waypoint 참조를 한 행에서 관리한다.에서 현재 배정 활성 여부을(를) 관리",현재 배정 활성 여부,boolean,N/A,N/A,false,RULE_ROBOT_ACTIVE_ASSIGNMENT,boolean,boolean,N/A,N/A,N/A,N,false,N,애플리케이션 또는 사용자 입력,N,N/A,N,N/A,N/A,N/A,N,N/A,N/A,N/A,N/A,Spring Backend / 장치 등록,Spring Backend 서비스,"Backend, Robot MQTT Bridge",N/A,N,N/A,N,N,로봇,행/업무 정책에 따라 삭제,N,ACTIVE,0.3.0,0.3.0,N/A,S15P11E102-84,2026-07-23,원본에 별도 키·제약 없음
robot.created_at,로봇·배정,로봇,robot,20,생성 시각,created_at,등록 시각,"로봇 식별, 현재 어르신 배정, 최신 운영 상태와 Nav2 waypoint 참조를 한 행에서 관리한다.에서 등록 시각을(를) 관리",등록 시각,timestamptz,N/A,UTC,46037,N/A,timestamptz,timestamptz,N/A,N/A,N/A,N,now(),Y,PostgreSQL DEFAULT,N,N/A,N,N/A,N/A,N/A,N,N/A,N/A,N/A,N/A,Spring Backend / 장치 등록,Spring Backend 서비스,"Backend, Robot MQTT Bridge",N/A,N,N/A,N,N,로봇,행/업무 정책에 따라 삭제,N,ACTIVE,0.3.0,0.3.0,N/A,S15P11E102-84,2026-07-23,원본에 별도 키·제약 없음
robot.updated_at,로봇·배정,로봇,robot,21,최종 수정 시각,updated_at,최신 상태 갱신 시각,"로봇 식별, 현재 어르신 배정, 최신 운영 상태와 Nav2 waypoint 참조를 한 행에서 관리한다.에서 최신 상태 갱신 시각을(를) 관리",최신 상태 갱신 시각,timestamptz,N/A,UTC,46037,N/A,timestamptz,timestamptz,N/A,N/A,N/A,N,now(),Y,PostgreSQL DEFAULT,N,N/A,N,N/A,N/A,N/A,N,N/A,N/A,N/A,N/A,Spring Backend / 장치 등록,Spring Backend 서비스,"Backend, Robot MQTT Bridge",N/A,N,N/A,N,N,로봇,행/업무 정책에 따라 삭제,N,ACTIVE,0.3.0,0.3.0,N/A,S15P11E102-84,2026-07-23,원본 키/제약: 서비스가 갱신
onboarding_session.id,온보딩·동의,온보딩 세션,onboarding_session,1,내부 식별자,id,온보딩 세션 ID,"한 번의 초기 설문 전체 진행, 질문 세트·동의 정책 버전과 종료 상태를 관리하는 원본 원장이다.에서 온보딩 세션 ID을(를) 관리",온보딩 세션 ID,uuid,N/A,N/A,00000000-0000-4000-8000-000000000001,N/A,uuid,uuid,N/A,N/A,N/A,N,gen_random_uuid(),Y,PostgreSQL DEFAULT,Y,1,N,N/A,N/A,N/A,N,N/A,N/A,N/A,N/A,Spring Backend / Robot 온보딩 흐름,Spring Backend 서비스,"Backend, Robot MQTT Bridge",N/A,간접,간접식별정보,Y,TBD,온보딩 원장,원본 정책에 따름,Y,ACTIVE,0.3.0,0.3.0,N/A,S15P11E102-84,2026-07-23,원본 키/제약: PK
onboarding_session.senior_id,온보딩·동의,온보딩 세션,onboarding_session,2,대상 어르신 ID,senior_id,대상 어르신,"한 번의 초기 설문 전체 진행, 질문 세트·동의 정책 버전과 종료 상태를 관리하는 원본 원장이다.에서 대상 어르신을(를) 관리",대상 어르신,uuid,N/A,N/A,00000000-0000-4000-8000-000000000001,"RULE_ONBOARDING_SESSION_ACTIVE_ROBOT, RULE_ONBOARDING_PROJECTION",uuid,uuid,N/A,N/A,N/A,N,N/A,N,애플리케이션 또는 사용자 입력,N,N/A,Y,FK_ONBOARDING_SESSION_SENIOR_ID,app_user,id,Y,CONSTRAINT_UQ_ONBOARDING_SESSION_SENIOR_IN_PROGRESS,N/A,N/A,N/A,Spring Backend / Robot 온보딩 흐름,Spring Backend 서비스,"Backend, Robot MQTT Bridge",N/A,Y,개인정보 또는 건강·생활정보,Y,TBD,온보딩 원장,원본 정책에 따름,Y,ACTIVE,0.3.0,0.3.0,N/A,S15P11E102-84,2026-07-23,원본 키/제약: FK→`app_user.id`; 진행 중 부분 UNIQUE
onboarding_session.robot_id,온보딩·동의,온보딩 세션,onboarding_session,3,수행 로봇 ID,robot_id,세션을 시작하고 계속 진행하는 현재 배정 로봇,"한 번의 초기 설문 전체 진행, 질문 세트·동의 정책 버전과 종료 상태를 관리하는 원본 원장이다.에서 세션을 시작하고 계속 진행하는 현재 배정 로봇을(를) 관리",세션을 시작하고 계속 진행하는 현재 배정 로봇,uuid,N/A,N/A,00000000-0000-4000-8000-000000000001,RULE_ONBOARDING_SESSION_ACTIVE_ROBOT,uuid,uuid,N/A,N/A,N/A,N,N/A,N,애플리케이션 또는 사용자 입력,N,N/A,Y,FK_ONBOARDING_SESSION_ROBOT_ID,robot,id,N,N/A,N/A,N/A,N/A,Spring Backend / Robot 온보딩 흐름,Spring Backend 서비스,"Backend, Robot MQTT Bridge",N/A,간접,간접식별정보,Y,TBD,온보딩 원장,원본 정책에 따름,Y,ACTIVE,0.3.0,0.3.0,N/A,S15P11E102-84,2026-07-23,원본 키/제약: FK→`robot.id
onboarding_session.question_set_version,온보딩·동의,온보딩 세션,onboarding_session,4,질문 코드·필수/선택·분기 정책 버전 스냅샷,question_set_version,질문 코드·필수/선택·분기 정책 버전 스냅샷,"한 번의 초기 설문 전체 진행, 질문 세트·동의 정책 버전과 종료 상태를 관리하는 원본 원장이다.에서 질문 코드·필수/선택·분기 정책 버전 스냅샷을(를) 관리",질문 코드·필수/선택·분기 정책 버전 스냅샷,varchar(50),N/A,N/A,QUESTION_SET_VERSION,N/A,varchar,varchar(50),50,N/A,N/A,N,N/A,N,애플리케이션 또는 사용자 입력,N,N/A,N,N/A,N/A,N/A,N,N/A,N/A,N/A,N/A,Spring Backend / Robot 온보딩 흐름,Spring Backend 서비스,"Backend, Robot MQTT Bridge",N/A,N,N/A,N,N,온보딩 원장,행/업무 정책에 따라 삭제,N,ACTIVE,0.3.0,0.3.0,N/A,S15P11E102-84,2026-07-23,원본 키/제약: 빈 문자열 금지
onboarding_session.consent_policy_version,온보딩·동의,온보딩 세션,onboarding_session,5,세션 시작 시 제시한 동의 문구 정책 버전,consent_policy_version,세션 시작 시 제시한 동의 문구 정책 버전,"한 번의 초기 설문 전체 진행, 질문 세트·동의 정책 버전과 종료 상태를 관리하는 원본 원장이다.에서 세션 시작 시 제시한 동의 문구 정책 버전을(를) 관리",세션 시작 시 제시한 동의 문구 정책 버전,varchar(50),N/A,N/A,CONSENT_POLICY_VERSION,N/A,varchar,varchar(50),50,N/A,N/A,N,N/A,N,애플리케이션 또는 사용자 입력,N,N/A,N,N/A,N/A,N/A,N,N/A,N/A,N/A,N/A,Spring Backend / Robot 온보딩 흐름,Spring Backend 서비스,"Backend, Robot MQTT Bridge",N/A,N,N/A,N,N,온보딩 원장,행/업무 정책에 따라 삭제,N,ACTIVE,0.3.0,0.3.0,N/A,S15P11E102-84,2026-07-23,원본 키/제약: 빈 문자열 금지
onboarding_session.status,온보딩·동의,온보딩 세션,onboarding_session,6,업무 상태,status,세션 진행 원본 상태,"한 번의 초기 설문 전체 진행, 질문 세트·동의 정책 버전과 종료 상태를 관리하는 원본 원장이다.에서 세션 진행 원본 상태을(를) 관리",세션 진행 원본 상태,varchar(20),N/A,N/A,비식별 가상 값,"RULE_ONBOARDING_PROJECTION, RULE_ONBOARDING_SESSION_TERMINAL",varchar,varchar(20),20,N/A,N/A,N,IN_PROGRESS,N,애플리케이션 또는 사용자 입력,N,N/A,N,N/A,N/A,N/A,N,CHK_ONBOARDING_SESSION_STATUS,CODE_ONBOARDING_SESSION_STATUS,N/A,N/A,Spring Backend / Robot 온보딩 흐름,Spring Backend 서비스,"Backend, Robot MQTT Bridge",N/A,Y,개인정보 또는 건강·생활정보,Y,TBD,온보딩 원장,원본 정책에 따름,Y,ACTIVE,0.3.0,0.3.0,N/A,S15P11E102-84,2026-07-23,"원본 키/제약: CHECK `IN_PROGRESS, COMPLETED, DECLINED, CANCELLED, EXPIRED"
onboarding_session.current_question_code,온보딩·동의,온보딩 세션,onboarding_session,7,재개할 현재/다음 질문 코드 projection,current_question_code,재개할 현재/다음 질문 코드 projection,"한 번의 초기 설문 전체 진행, 질문 세트·동의 정책 버전과 종료 상태를 관리하는 원본 원장이다.에서 재개할 현재/다음 질문 코드 projection을(를) 관리",재개할 현재/다음 질문 코드 projection,varchar(50),N/A,N/A,CURRENT_QUESTION_CODE,N/A,varchar,varchar(50),50,N/A,N/A,Y,N/A,N,애플리케이션 또는 사용자 입력,N,N/A,N,N/A,N/A,N/A,N,N/A,N/A,N/A,N/A,Spring Backend / Robot 온보딩 흐름,Spring Backend 서비스,"Backend, Robot MQTT Bridge",N/A,간접,간접식별정보,Y,TBD,온보딩 원장,원본 정책에 따름,Y,ACTIVE,0.3.0,0.3.0,N/A,S15P11E102-84,2026-07-23,원본 키/제약: 질문 세트 allowlist 서비스 검증
onboarding_session.started_at,온보딩·동의,온보딩 세션,onboarding_session,8,처리 시작 시각,started_at,세션 시작 시각,"한 번의 초기 설문 전체 진행, 질문 세트·동의 정책 버전과 종료 상태를 관리하는 원본 원장이다.에서 세션 시작 시각을(를) 관리",세션 시작 시각,timestamptz,N/A,UTC,46037,N/A,timestamptz,timestamptz,N/A,N/A,N/A,N,now(),Y,PostgreSQL DEFAULT,N,N/A,N,N/A,N/A,N/A,N,N/A,N/A,N/A,N/A,Spring Backend / Robot 온보딩 흐름,Spring Backend 서비스,"Backend, Robot MQTT Bridge",N/A,Y,개인정보 또는 건강·생활정보,Y,TBD,온보딩 원장,원본 정책에 따름,Y,ACTIVE,0.3.0,0.3.0,N/A,S15P11E102-84,2026-07-23,원본에 별도 키·제약 없음
onboarding_session.completed_at,온보딩·동의,온보딩 세션,onboarding_session,9,처리 완료 시각,completed_at,모든 필수 문항 처리가 끝난 시각,"한 번의 초기 설문 전체 진행, 질문 세트·동의 정책 버전과 종료 상태를 관리하는 원본 원장이다.에서 모든 필수 문항 처리가 끝난 시각을(를) 관리",모든 필수 문항 처리가 끝난 시각,timestamptz,N/A,UTC,46037,N/A,timestamptz,timestamptz,N/A,N/A,N/A,Y,N/A,N,애플리케이션 또는 사용자 입력,N,N/A,N,N/A,N/A,N/A,N,N/A,N/A,N/A,N/A,Spring Backend / Robot 온보딩 흐름,Spring Backend 서비스,"Backend, Robot MQTT Bridge",N/A,Y,개인정보 또는 건강·생활정보,Y,TBD,온보딩 원장,원본 정책에 따름,Y,ACTIVE,0.3.0,0.3.0,N/A,S15P11E102-84,2026-07-23,원본 키/제약: COMPLETED이면 필수
onboarding_session.ended_at,온보딩·동의,온보딩 세션,onboarding_session,10,종료 시각,ended_at,완료·거절·취소·만료로 세션이 닫힌 시각,"한 번의 초기 설문 전체 진행, 질문 세트·동의 정책 버전과 종료 상태를 관리하는 원본 원장이다.에서 완료·거절·취소·만료로 세션이 닫힌 시각을(를) 관리",완료·거절·취소·만료로 세션이 닫힌 시각,timestamptz,N/A,UTC,46037,N/A,timestamptz,timestamptz,N/A,N/A,N/A,Y,N/A,N,애플리케이션 또는 사용자 입력,N,N/A,N,N/A,N/A,N/A,N,N/A,N/A,N/A,N/A,Spring Backend / Robot 온보딩 흐름,Spring Backend 서비스,"Backend, Robot MQTT Bridge",N/A,Y,개인정보 또는 건강·생활정보,Y,TBD,온보딩 원장,원본 정책에 따름,Y,ACTIVE,0.3.0,0.3.0,N/A,S15P11E102-84,2026-07-23,원본 키/제약: 종료 상태면 필수
onboarding_session.expires_at,온보딩·동의,온보딩 세션,onboarding_session,11,장기 미진행 세션의 만료 예정 시각,expires_at,장기 미진행 세션의 만료 예정 시각,"한 번의 초기 설문 전체 진행, 질문 세트·동의 정책 버전과 종료 상태를 관리하는 원본 원장이다.에서 장기 미진행 세션의 만료 예정 시각을(를) 관리",장기 미진행 세션의 만료 예정 시각,timestamptz,N/A,UTC,46037,N/A,timestamptz,timestamptz,N/A,N/A,N/A,N,애플리케이션이 정책으로 지정,N,애플리케이션 또는 사용자 입력,N,N/A,N,N/A,N/A,N/A,N,N/A,N/A,N/A,N/A,Spring Backend / Robot 온보딩 흐름,Spring Backend 서비스,"Backend, Robot MQTT Bridge",N/A,N,N/A,N,N,온보딩 원장,행/업무 정책에 따라 삭제,N,ACTIVE,0.3.0,0.3.0,N/A,S15P11E102-84,2026-07-23,원본 키/제약: > started_at
onboarding_session.version,온보딩·동의,온보딩 세션,onboarding_session,12,낙관적 잠금 버전,version,현재 문항과 상태의 동시 갱신 방지,"한 번의 초기 설문 전체 진행, 질문 세트·동의 정책 버전과 종료 상태를 관리하는 원본 원장이다.에서 현재 문항과 상태의 동시 갱신 방지을(를) 관리",현재 문항과 상태의 동시 갱신 방지,bigint,N/A,N/A,0,RULE_ONBOARDING_SESSION_TERMINAL,bigint,bigint,N/A,N/A,N/A,N,0,N,애플리케이션 또는 사용자 입력,N,N/A,N,N/A,N/A,N/A,N,CHK_ONBOARDING_SESSION_VERSION,N/A,N/A,N/A,Spring Backend / Robot 온보딩 흐름,Spring Backend 서비스,"Backend, Robot MQTT Bridge",N/A,N,N/A,N,N,온보딩 원장,행/업무 정책에 따라 삭제,N,ACTIVE,0.3.0,0.3.0,N/A,S15P11E102-84,2026-07-23,"원본 키/제약: CHECK `>=0`, JPA `@Version"
onboarding_session.created_at,온보딩·동의,온보딩 세션,onboarding_session,13,생성 시각,created_at,행 생성 시각,"한 번의 초기 설문 전체 진행, 질문 세트·동의 정책 버전과 종료 상태를 관리하는 원본 원장이다.에서 행 생성 시각을(를) 관리",행 생성 시각,timestamptz,N/A,UTC,46037,N/A,timestamptz,timestamptz,N/A,N/A,N/A,N,now(),Y,PostgreSQL DEFAULT,N,N/A,N,N/A,N/A,N/A,N,N/A,N/A,N/A,N/A,Spring Backend / Robot 온보딩 흐름,Spring Backend 서비스,"Backend, Robot MQTT Bridge",N/A,N,N/A,N,N,행과 동일,행/업무 정책에 따라 삭제,N,ACTIVE,0.3.0,0.3.0,N/A,S15P11E102-84,2026-07-23,원본에 별도 키·제약 없음
onboarding_session.updated_at,온보딩·동의,온보딩 세션,onboarding_session,14,최종 수정 시각,updated_at,최종 갱신 시각,"한 번의 초기 설문 전체 진행, 질문 세트·동의 정책 버전과 종료 상태를 관리하는 원본 원장이다.에서 최종 갱신 시각을(를) 관리",최종 갱신 시각,timestamptz,N/A,UTC,46037,N/A,timestamptz,timestamptz,N/A,N/A,N/A,N,now(),Y,PostgreSQL DEFAULT,N,N/A,N,N/A,N/A,N/A,N,N/A,N/A,N/A,N/A,Spring Backend / Robot 온보딩 흐름,Spring Backend 서비스,"Backend, Robot MQTT Bridge",N/A,N,N/A,N,N,행과 동일,행/업무 정책에 따라 삭제,N,ACTIVE,0.3.0,0.3.0,N/A,S15P11E102-84,2026-07-23,원본 키/제약: 서비스가 갱신
onboarding_answer.id,온보딩·AI 처리,온보딩 답변,onboarding_answer,1,내부 식별자,id,답변 revision ID,"문항별 답변의 캡처, clarification/confirmation, 검증, 수정 revision, 단기 원문 파기와 최종 도메인 반영을 추적하는 처리 원장이다.에서 답변 revision ID을(를) 관리",답변 revision ID,uuid,N/A,N/A,00000000-0000-4000-8000-000000000001,N/A,uuid,uuid,N/A,N/A,N/A,N,gen_random_uuid(),Y,PostgreSQL DEFAULT,Y,1,N,N/A,N/A,N/A,N,N/A,N/A,N/A,N/A,Spring Backend / Robot·Voice AI 이벤트,Spring Backend 서비스,"Backend, Robot, Voice AI, 대화·개인화 서비스",N/A,간접,간접식별정보,Y,TBD,온보딩 원장,원본 정책에 따름,Y,ACTIVE,0.3.0,0.3.0,N/A,S15P11E102-84,2026-07-23,원본 키/제약: PK
onboarding_answer.session_id,온보딩·AI 처리,온보딩 답변,onboarding_answer,2,온보딩 세션 ID,session_id,소속 온보딩 세션,"문항별 답변의 캡처, clarification/confirmation, 검증, 수정 revision, 단기 원문 파기와 최종 도메인 반영을 추적하는 처리 원장이다.에서 소속 온보딩 세션을(를) 관리",소속 온보딩 세션,uuid,N/A,N/A,00000000-0000-4000-8000-000000000001,"RULE_ONBOARDING_ANSWER_SESSION, RULE_ONBOARDING_REVISION",uuid,uuid,N/A,N/A,N/A,N,N/A,N,애플리케이션 또는 사용자 입력,N,N/A,Y,FK_ONBOARDING_ANSWER_SESSION_ID,onboarding_session,id,N,N/A,N/A,N/A,N/A,Spring Backend / Robot·Voice AI 이벤트,Spring Backend 서비스,"Backend, Robot, Voice AI, 대화·개인화 서비스",MAP-ONBOARDING-SESSION-ID,Y,개인정보 또는 건강·생활정보,Y,TBD,온보딩 원장,원본 정책에 따름,Y,ACTIVE,0.3.0,0.3.0,N/A,S15P11E102-84,2026-07-23,원본 키/제약: FK→`onboarding_session.id
onboarding_answer.question_code,온보딩·AI 처리,온보딩 답변,onboarding_answer,3,문항의 안정된 코드,question_code,문항의 안정된 코드,"문항별 답변의 캡처, clarification/confirmation, 검증, 수정 revision, 단기 원문 파기와 최종 도메인 반영을 추적하는 처리 원장이다.에서 문항의 안정된 코드을(를) 관리",문항의 안정된 코드,varchar(50),N/A,N/A,QUESTION_CODE,"RULE_ONBOARDING_ANSWER_SESSION, RULE_ONBOARDING_REVISION",varchar,varchar(50),50,N/A,N/A,N,N/A,N,애플리케이션 또는 사용자 입력,N,N/A,N,N/A,N/A,N/A,N,N/A,N/A,N/A,N/A,Spring Backend / Robot·Voice AI 이벤트,Spring Backend 서비스,"Backend, Robot, Voice AI, 대화·개인화 서비스",MAP-ONBOARDING-QUESTION-CODE,간접,간접식별정보,Y,TBD,온보딩 원장,원본 정책에 따름,Y,ACTIVE,0.3.0,0.3.0,N/A,S15P11E102-84,2026-07-23,원본 키/제약: 세션 질문 세트 allowlist
onboarding_answer.revision,온보딩·AI 처리,온보딩 답변,onboarding_answer,4,같은 문항의 답변/수정 순번,revision,같은 문항의 답변/수정 순번,"문항별 답변의 캡처, clarification/confirmation, 검증, 수정 revision, 단기 원문 파기와 최종 도메인 반영을 추적하는 처리 원장이다.에서 같은 문항의 답변/수정 순번을(를) 관리",같은 문항의 답변/수정 순번,smallint,N/A,N/A,0,RULE_ONBOARDING_REVISION,smallint,smallint,N/A,N/A,N/A,N,1,N,애플리케이션 또는 사용자 입력,N,N/A,N,N/A,N/A,N/A,Y,CHK_ONBOARDING_ANSWER_REVISION,N/A,N/A,N/A,Spring Backend / Robot·Voice AI 이벤트,Spring Backend 서비스,"Backend, Robot, Voice AI, 대화·개인화 서비스",MAP-ONBOARDING-REVISION,N,N/A,N,N,온보딩 원장,행/업무 정책에 따라 삭제,N,ACTIVE,0.3.0,0.3.0,N/A,S15P11E102-84,2026-07-23,원본 키/제약: CHECK `>0`; 세션·문항과 UNIQUE
onboarding_answer.client_event_id,온보딩·AI 처리,온보딩 답변,onboarding_answer,5,로봇 QoS 1 재전송 멱등 키 원문,client_event_id,로봇 QoS 1 재전송 멱등 키 원문,"문항별 답변의 캡처, clarification/confirmation, 검증, 수정 revision, 단기 원문 파기와 최종 도메인 반영을 추적하는 처리 원장이다.에서 로봇 QoS 1 재전송 멱등 키 원문을(를) 관리",로봇 QoS 1 재전송 멱등 키 원문,varchar(64),N/A,N/A,CLIENT_EVENT_ID,RULE_ONBOARDING_EVENT_IDEMPOTENCY,varchar,varchar(64),64,N/A,N/A,N,N/A,N,애플리케이션 또는 사용자 입력,N,N/A,N,N/A,N/A,N/A,Y,CONSTRAINT_UQ_ONBOARDING_ANSWER_CLIENT_EVENT,N/A,N/A,N/A,Spring Backend / Robot·Voice AI 이벤트,Spring Backend 서비스,"Backend, Robot, Voice AI, 대화·개인화 서비스",MAP-ONBOARDING-EVENT-ID,간접,간접식별정보,Y,TBD,온보딩 원장,원본 정책에 따름,Y,ACTIVE,0.3.0,0.3.0,N/A,S15P11E102-84,2026-07-23,"원본 키/제약: 전역 UNIQUE, 외부 ID allowlist"
onboarding_answer.processing_status,온보딩·AI 처리,온보딩 답변,onboarding_answer,6,캡처·추가질문·확인·처리·건너뜀·거부 단계,processing_status,캡처·추가질문·확인·처리·건너뜀·거부 단계,"문항별 답변의 캡처, clarification/confirmation, 검증, 수정 revision, 단기 원문 파기와 최종 도메인 반영을 추적하는 처리 원장이다.에서 캡처·추가질문·확인·처리·건너뜀·거부 단계을(를) 관리",캡처·추가질문·확인·처리·건너뜀·거부 단계,varchar(30),N/A,N/A,비식별 가상 값,RULE_ONBOARDING_STATUS_COMBINATION,varchar,varchar(30),30,N/A,N/A,N,CAPTURED,N,애플리케이션 또는 사용자 입력,N,N/A,N,N/A,N/A,N/A,N,CHK_ONBOARDING_ANSWER_PROCESSING_STATUS,CODE_ONBOARDING_PROCESSING_STATUS,N/A,N/A,Spring Backend / Robot·Voice AI 이벤트,Spring Backend 서비스,"Backend, Robot, Voice AI, 대화·개인화 서비스",N/A,Y,개인정보 또는 건강·생활정보,Y,TBD,온보딩 원장,원본 정책에 따름,Y,ACTIVE,0.3.0,0.3.0,N/A,S15P11E102-84,2026-07-23,원본 키/제약: CHECK 지정 값
onboarding_answer.verification_status,온보딩·AI 처리,온보딩 답변,onboarding_answer,7,사용자·보호자·문서 확인 또는 거부,verification_status,사용자·보호자·문서 확인 또는 거부,"문항별 답변의 캡처, clarification/confirmation, 검증, 수정 revision, 단기 원문 파기와 최종 도메인 반영을 추적하는 처리 원장이다.에서 사용자·보호자·문서 확인 또는 거부을(를) 관리",사용자·보호자·문서 확인 또는 거부,varchar(30),N/A,N/A,비식별 가상 값,RULE_ONBOARDING_STATUS_COMBINATION,varchar,varchar(30),30,N/A,N/A,N,UNVERIFIED,N,애플리케이션 또는 사용자 입력,N,N/A,N,N/A,N/A,N/A,N,CHK_ONBOARDING_ANSWER_VERIFICATION_STATUS,CODE_ONBOARDING_VERIFICATION_STATUS,N/A,N/A,Spring Backend / Robot·Voice AI 이벤트,Spring Backend 서비스,"Backend, Robot, Voice AI, 대화·개인화 서비스",N/A,Y,개인정보 또는 건강·생활정보,Y,TBD,온보딩 원장,원본 정책에 따름,Y,ACTIVE,0.3.0,0.3.0,N/A,S15P11E102-84,2026-07-23,원본 키/제약: CHECK 지정 값
onboarding_answer.answer_summary,온보딩·AI 처리,온보딩 답변,onboarding_answer,8,프로필 원본이 아닌 제한된 답변 요약,answer_summary,프로필 원본이 아닌 제한된 답변 요약,"문항별 답변의 캡처, clarification/confirmation, 검증, 수정 revision, 단기 원문 파기와 최종 도메인 반영을 추적하는 처리 원장이다.에서 프로필 원본이 아닌 제한된 답변 요약을(를) 관리",프로필 원본이 아닌 제한된 답변 요약,text,N/A,N/A,비식별 가상 값,N/A,text,text,N/A,N/A,N/A,Y,N/A,N,애플리케이션 또는 사용자 입력,N,N/A,N,N/A,N/A,N/A,N,N/A,N/A,N/A,N/A,Spring Backend / Robot·Voice AI 이벤트,Spring Backend 서비스,"Backend, Robot, Voice AI, 대화·개인화 서비스",N/A,Y,개인정보 또는 건강·생활정보,Y,TBD,동의·업무 목적 기간,원본 정책에 따름,Y,ACTIVE,0.3.0,0.3.0,N/A,S15P11E102-84,2026-07-23,원본 키/제약: 최소 확정 요약만 허용
onboarding_answer.extraction_jsonb,온보딩·AI 처리,온보딩 답변,onboarding_answer,9,확인 전 원자 사실 후보와 대상 도메인,extraction_jsonb,확인 전 원자 사실 후보와 대상 도메인,"문항별 답변의 캡처, clarification/confirmation, 검증, 수정 revision, 단기 원문 파기와 최종 도메인 반영을 추적하는 처리 원장이다.에서 확인 전 원자 사실 후보와 대상 도메인을(를) 관리",확인 전 원자 사실 후보와 대상 도메인,JSON object; 구조 ID 참조,N/A,N/A,구조 ID 참조,N/A,jsonb,jsonb,N/A,N/A,N/A,Y,N/A,N,애플리케이션 또는 사용자 입력,N,N/A,N,N/A,N/A,N/A,N,CHK_ONBOARDING_ANSWER_EXTRACTION_JSONB,N/A,JSON_ONBOARDING_EXTRACTION_V1,N/A,Spring Backend / Robot·Voice AI 이벤트,Spring Backend 서비스,"Backend, Robot, Voice AI, 대화·개인화 서비스",N/A,Y,개인정보 또는 건강·생활정보,Y,TBD,확인/만료까지 단기,원본 정책에 따름,Y,ACTIVE,0.3.0,0.3.0,N/A,S15P11E102-84,2026-07-23,"원본 키/제약: JSON object CHECK, schemaVersion 필수"
onboarding_answer.transcript_excerpt,온보딩·AI 처리,온보딩 답변,onboarding_answer,10,확인에 필요한 최소 STT 발췌,transcript_excerpt,확인에 필요한 최소 STT 발췌,"문항별 답변의 캡처, clarification/confirmation, 검증, 수정 revision, 단기 원문 파기와 최종 도메인 반영을 추적하는 처리 원장이다.에서 확인에 필요한 최소 STT 발췌을(를) 관리",확인에 필요한 최소 STT 발췌,text,N/A,N/A,비식별 가상 값,N/A,text,text,N/A,N/A,N/A,Y,N/A,N,애플리케이션 또는 사용자 입력,N,N/A,N,N/A,N/A,N/A,N,N/A,N/A,N/A,N/A,Spring Backend / Robot·Voice AI 이벤트,Spring Backend 서비스,"Backend, Robot, Voice AI, 대화·개인화 서비스",MAP-ONBOARDING-TRANSCRIPT,Y,개인정보 또는 건강·생활정보,Y,TBD,원문 7일,원본 정책에 따름,Y,ACTIVE,0.3.0,0.3.0,N/A,S15P11E102-84,2026-07-23,"원본 키/제약: 길이 제한, 전체 대화 복제 금지"
onboarding_answer.stt_confidence,온보딩·AI 처리,온보딩 답변,onboarding_answer,11,STT 결과 신뢰도,stt_confidence,STT 결과 신뢰도,"문항별 답변의 캡처, clarification/confirmation, 검증, 수정 revision, 단기 원문 파기와 최종 도메인 반영을 추적하는 처리 원장이다.에서 STT 결과 신뢰도을(를) 관리",STT 결과 신뢰도,"numeric(5,4)",N/A,N/A,0,N/A,numeric,"numeric(5,4)",N/A,5,4,Y,N/A,N,애플리케이션 또는 사용자 입력,N,N/A,N,N/A,N/A,N/A,N,CHK_ONBOARDING_ANSWER_STT_CONFIDENCE,N/A,N/A,N/A,Spring Backend / Robot·Voice AI 이벤트,Spring Backend 서비스,"Backend, Robot, Voice AI, 대화·개인화 서비스",MAP-ONBOARDING-STT-CONFIDENCE,파생,민감 파생정보,Y,TBD,온보딩 단기 30일,원본 정책에 따름,Y,ACTIVE,0.3.0,0.3.0,N/A,S15P11E102-84,2026-07-23,원본 키/제약: CHECK 0~1
onboarding_answer.stt_model_name,온보딩·AI 처리,온보딩 답변,onboarding_answer,12,STT 모델명,stt_model_name,STT 모델명,"문항별 답변의 캡처, clarification/confirmation, 검증, 수정 revision, 단기 원문 파기와 최종 도메인 반영을 추적하는 처리 원장이다.에서 STT 모델명을(를) 관리",STT 모델명,varchar(200),N/A,N/A,STT_MODEL_NAME,N/A,varchar,varchar(200),200,N/A,N/A,Y,N/A,N,애플리케이션 또는 사용자 입력,N,N/A,N,N/A,N/A,N/A,N,N/A,N/A,N/A,N/A,Spring Backend / Robot·Voice AI 이벤트,Spring Backend 서비스,"Backend, Robot, Voice AI, 대화·개인화 서비스",MAP-ONBOARDING-STT-MODEL-NAME,N,N/A,N,N,온보딩 단기 30일,행/업무 정책에 따라 삭제,N,ACTIVE,0.3.0,0.3.0,N/A,S15P11E102-84,2026-07-23,원본 키/제약: confidence 저장 시 필수
onboarding_answer.stt_model_version,온보딩·AI 처리,온보딩 답변,onboarding_answer,13,STT 모델 버전,stt_model_version,STT 모델 버전,"문항별 답변의 캡처, clarification/confirmation, 검증, 수정 revision, 단기 원문 파기와 최종 도메인 반영을 추적하는 처리 원장이다.에서 STT 모델 버전을(를) 관리",STT 모델 버전,varchar(100),N/A,N/A,STT_MODEL_VERSION,N/A,varchar,varchar(100),100,N/A,N/A,Y,N/A,N,애플리케이션 또는 사용자 입력,N,N/A,N,N/A,N/A,N/A,N,N/A,N/A,N/A,N/A,Spring Backend / Robot·Voice AI 이벤트,Spring Backend 서비스,"Backend, Robot, Voice AI, 대화·개인화 서비스",MAP-ONBOARDING-STT-MODEL-VERSION,N,N/A,N,N,온보딩 단기 30일,행/업무 정책에 따라 삭제,N,ACTIVE,0.3.0,0.3.0,N/A,S15P11E102-84,2026-07-23,원본 키/제약: confidence 저장 시 필수
onboarding_answer.ai_confidence,온보딩·AI 처리,온보딩 답변,onboarding_answer,14,구조화 추출 신뢰도,ai_confidence,구조화 추출 신뢰도,"문항별 답변의 캡처, clarification/confirmation, 검증, 수정 revision, 단기 원문 파기와 최종 도메인 반영을 추적하는 처리 원장이다.에서 구조화 추출 신뢰도을(를) 관리",구조화 추출 신뢰도,"numeric(5,4)",N/A,N/A,0,N/A,numeric,"numeric(5,4)",N/A,5,4,Y,N/A,N,애플리케이션 또는 사용자 입력,N,N/A,N,N/A,N/A,N/A,N,CHK_ONBOARDING_ANSWER_AI_CONFIDENCE,N/A,N/A,N/A,Spring Backend / Robot·Voice AI 이벤트,Spring Backend 서비스,"Backend, Robot, Voice AI, 대화·개인화 서비스",N/A,파생,민감 파생정보,Y,TBD,온보딩 단기 30일,원본 정책에 따름,Y,ACTIVE,0.3.0,0.3.0,N/A,S15P11E102-84,2026-07-23,원본 키/제약: CHECK 0~1
onboarding_answer.ai_model_name,온보딩·AI 처리,온보딩 답변,onboarding_answer,15,추출 AI 모델명,ai_model_name,추출 AI 모델명,"문항별 답변의 캡처, clarification/confirmation, 검증, 수정 revision, 단기 원문 파기와 최종 도메인 반영을 추적하는 처리 원장이다.에서 추출 AI 모델명을(를) 관리",추출 AI 모델명,varchar(200),N/A,N/A,AI_MODEL_NAME,N/A,varchar,varchar(200),200,N/A,N/A,Y,N/A,N,애플리케이션 또는 사용자 입력,N,N/A,N,N/A,N/A,N/A,N,N/A,N/A,N/A,N/A,Spring Backend / Robot·Voice AI 이벤트,Spring Backend 서비스,"Backend, Robot, Voice AI, 대화·개인화 서비스",N/A,N,N/A,N,N,온보딩 단기 30일,행/업무 정책에 따라 삭제,N,ACTIVE,0.3.0,0.3.0,N/A,S15P11E102-84,2026-07-23,원본 키/제약: confidence 저장 시 필수
onboarding_answer.ai_model_version,온보딩·AI 처리,온보딩 답변,onboarding_answer,16,추출 AI 모델 버전,ai_model_version,추출 AI 모델 버전,"문항별 답변의 캡처, clarification/confirmation, 검증, 수정 revision, 단기 원문 파기와 최종 도메인 반영을 추적하는 처리 원장이다.에서 추출 AI 모델 버전을(를) 관리",추출 AI 모델 버전,varchar(100),N/A,N/A,AI_MODEL_VERSION,N/A,varchar,varchar(100),100,N/A,N/A,Y,N/A,N,애플리케이션 또는 사용자 입력,N,N/A,N,N/A,N/A,N/A,N,N/A,N/A,N/A,N/A,Spring Backend / Robot·Voice AI 이벤트,Spring Backend 서비스,"Backend, Robot, Voice AI, 대화·개인화 서비스",N/A,N,N/A,N,N,온보딩 단기 30일,행/업무 정책에 따라 삭제,N,ACTIVE,0.3.0,0.3.0,N/A,S15P11E102-84,2026-07-23,원본 키/제약: confidence 저장 시 필수
onboarding_answer.processing_policy_version,온보딩·AI 처리,온보딩 답변,onboarding_answer,17,추출·확인·반영 규칙 버전,processing_policy_version,추출·확인·반영 규칙 버전,"문항별 답변의 캡처, clarification/confirmation, 검증, 수정 revision, 단기 원문 파기와 최종 도메인 반영을 추적하는 처리 원장이다.에서 추출·확인·반영 규칙 버전을(를) 관리",추출·확인·반영 규칙 버전,varchar(50),N/A,N/A,PROCESSING_POLICY_VERSIO,N/A,varchar,varchar(50),50,N/A,N/A,N,N/A,N,애플리케이션 또는 사용자 입력,N,N/A,N,N/A,N/A,N/A,N,N/A,N/A,N/A,N/A,Spring Backend / Robot·Voice AI 이벤트,Spring Backend 서비스,"Backend, Robot, Voice AI, 대화·개인화 서비스",MAP-ONBOARDING-POLICY-VERSION,N,N/A,N,N,온보딩 원장,행/업무 정책에 따라 삭제,N,ACTIVE,0.3.0,0.3.0,N/A,S15P11E102-84,2026-07-23,원본 키/제약: 빈 문자열 금지
onboarding_answer.source_conversation_id,온보딩·AI 처리,온보딩 답변,onboarding_answer,18,출처 대화 ID,source_conversation_id,단기 대화 원문 출처 세션,"문항별 답변의 캡처, clarification/confirmation, 검증, 수정 revision, 단기 원문 파기와 최종 도메인 반영을 추적하는 처리 원장이다.에서 단기 대화 원문 출처 세션을(를) 관리",단기 대화 원문 출처 세션,uuid,N/A,N/A,00000000-0000-4000-8000-000000000001,RULE_ONBOARDING_SOURCE_MATCH,uuid,uuid,N/A,N/A,N/A,Y,N/A,N,애플리케이션 또는 사용자 입력,N,N/A,Y,FK_ONBOARDING_ANSWER_SOURCE_CONVERSATION_ID,conversation,id,N,N/A,N/A,N/A,N/A,Spring Backend / Robot·Voice AI 이벤트,Spring Backend 서비스,"Backend, Robot, Voice AI, 대화·개인화 서비스",N/A,간접,간접식별정보,Y,TBD,온보딩 원장,원본 정책에 따름,Y,ACTIVE,0.3.0,0.3.0,N/A,S15P11E102-84,2026-07-23,원본 키/제약: FK→`conversation.id
onboarding_answer.source_message_id,온보딩·AI 처리,온보딩 답변,onboarding_answer,19,출처 메시지 ID,source_message_id,conversation.messages.items[].messageId,"문항별 답변의 캡처, clarification/confirmation, 검증, 수정 revision, 단기 원문 파기와 최종 도메인 반영을 추적하는 처리 원장이다.에서 conversation.messages.items[].messageId을(를) 관리",conversation.messages.items[].messageId,uuid,N/A,N/A,00000000-0000-4000-8000-000000000001,RULE_ONBOARDING_SOURCE_MATCH,uuid,uuid,N/A,N/A,N/A,Y,N/A,N,애플리케이션 또는 사용자 입력,N,N/A,N,N/A,N/A,N/A,N,N/A,N/A,N/A,N/A,Spring Backend / Robot·Voice AI 이벤트,Spring Backend 서비스,"Backend, Robot, Voice AI, 대화·개인화 서비스",N/A,간접,간접식별정보,Y,TBD,온보딩 원장,원본 정책에 따름,Y,ACTIVE,0.3.0,0.3.0,N/A,S15P11E102-84,2026-07-23,원본 키/제약: 논리 참조
onboarding_answer.answered_at,온보딩·AI 처리,온보딩 답변,onboarding_answer,20,어르신 답변 발생 시각,answered_at,어르신 답변 발생 시각,"문항별 답변의 캡처, clarification/confirmation, 검증, 수정 revision, 단기 원문 파기와 최종 도메인 반영을 추적하는 처리 원장이다.에서 어르신 답변 발생 시각을(를) 관리",어르신 답변 발생 시각,timestamptz,N/A,UTC,46037,N/A,timestamptz,timestamptz,N/A,N/A,N/A,N,N/A,N,애플리케이션 또는 사용자 입력,N,N/A,N,N/A,N/A,N/A,N,N/A,N/A,N/A,N/A,Spring Backend / Robot·Voice AI 이벤트,Spring Backend 서비스,"Backend, Robot, Voice AI, 대화·개인화 서비스",MAP-ONBOARDING-OCCURRED-AT,Y,개인정보 또는 건강·생활정보,Y,TBD,온보딩 원장,원본 정책에 따름,Y,ACTIVE,0.3.0,0.3.0,N/A,S15P11E102-84,2026-07-23,원본에 별도 키·제약 없음
onboarding_answer.confirmed_at,온보딩·AI 처리,온보딩 답변,onboarding_answer,21,사용자·보호자·문서 확인 시각,confirmed_at,사용자·보호자·문서 확인 시각,"문항별 답변의 캡처, clarification/confirmation, 검증, 수정 revision, 단기 원문 파기와 최종 도메인 반영을 추적하는 처리 원장이다.에서 사용자·보호자·문서 확인 시각을(를) 관리",사용자·보호자·문서 확인 시각,timestamptz,N/A,UTC,46037,N/A,timestamptz,timestamptz,N/A,N/A,N/A,Y,N/A,N,애플리케이션 또는 사용자 입력,N,N/A,N,N/A,N/A,N/A,N,N/A,N/A,N/A,N/A,Spring Backend / Robot·Voice AI 이벤트,Spring Backend 서비스,"Backend, Robot, Voice AI, 대화·개인화 서비스",N/A,Y,개인정보 또는 건강·생활정보,Y,TBD,온보딩 원장,원본 정책에 따름,Y,ACTIVE,0.3.0,0.3.0,N/A,S15P11E102-84,2026-07-23,원본 키/제약: 확인 상태면 필수
onboarding_answer.raw_text_expires_at,온보딩·AI 처리,온보딩 답변,onboarding_answer,22,STT 발췌 제거 예정 시각,raw_text_expires_at,STT 발췌 제거 예정 시각,"문항별 답변의 캡처, clarification/confirmation, 검증, 수정 revision, 단기 원문 파기와 최종 도메인 반영을 추적하는 처리 원장이다.에서 STT 발췌 제거 예정 시각을(를) 관리",STT 발췌 제거 예정 시각,timestamptz,N/A,UTC,46037,N/A,timestamptz,timestamptz,N/A,N/A,N/A,Y,N/A,N,애플리케이션 또는 사용자 입력,N,N/A,N,N/A,N/A,N/A,N,N/A,N/A,N/A,N/A,Spring Backend / Robot·Voice AI 이벤트,Spring Backend 서비스,"Backend, Robot, Voice AI, 대화·개인화 서비스",N/A,N,N/A,N,N,행과 동일,행/업무 정책에 따라 삭제,N,ACTIVE,0.3.0,0.3.0,N/A,S15P11E102-84,2026-07-23,원본 키/제약: 발췌가 있으면 필수
onboarding_answer.raw_text_purged_at,온보딩·AI 처리,온보딩 답변,onboarding_answer,23,STT 발췌가 실제 제거된 시각,raw_text_purged_at,STT 발췌가 실제 제거된 시각,"문항별 답변의 캡처, clarification/confirmation, 검증, 수정 revision, 단기 원문 파기와 최종 도메인 반영을 추적하는 처리 원장이다.에서 STT 발췌가 실제 제거된 시각을(를) 관리",STT 발췌가 실제 제거된 시각,timestamptz,N/A,UTC,46037,N/A,timestamptz,timestamptz,N/A,N/A,N/A,Y,N/A,N,애플리케이션 또는 사용자 입력,N,N/A,N,N/A,N/A,N/A,N,N/A,N/A,N/A,N/A,Spring Backend / Robot·Voice AI 이벤트,Spring Backend 서비스,"Backend, Robot, Voice AI, 대화·개인화 서비스",N/A,N,N/A,N,N,온보딩 원장,행/업무 정책에 따라 삭제,N,ACTIVE,0.3.0,0.3.0,N/A,S15P11E102-84,2026-07-23,원본에 별도 키·제약 없음
onboarding_answer.extraction_expires_at,온보딩·AI 처리,온보딩 답변,onboarding_answer,24,후보 JSON 제거 예정 시각,extraction_expires_at,후보 JSON 제거 예정 시각,"문항별 답변의 캡처, clarification/confirmation, 검증, 수정 revision, 단기 원문 파기와 최종 도메인 반영을 추적하는 처리 원장이다.에서 후보 JSON 제거 예정 시각을(를) 관리",후보 JSON 제거 예정 시각,timestamptz,N/A,UTC,46037,N/A,timestamptz,timestamptz,N/A,N/A,N/A,Y,N/A,N,애플리케이션 또는 사용자 입력,N,N/A,N,N/A,N/A,N/A,N,N/A,N/A,N/A,N/A,Spring Backend / Robot·Voice AI 이벤트,Spring Backend 서비스,"Backend, Robot, Voice AI, 대화·개인화 서비스",N/A,N,N/A,N,N,행과 동일,행/업무 정책에 따라 삭제,N,ACTIVE,0.3.0,0.3.0,N/A,S15P11E102-84,2026-07-23,원본 키/제약: 미확정 추출이 있으면 필수
onboarding_answer.extraction_purged_at,온보딩·AI 처리,온보딩 답변,onboarding_answer,25,후보 JSON이 실제 제거된 시각,extraction_purged_at,후보 JSON이 실제 제거된 시각,"문항별 답변의 캡처, clarification/confirmation, 검증, 수정 revision, 단기 원문 파기와 최종 도메인 반영을 추적하는 처리 원장이다.에서 후보 JSON이 실제 제거된 시각을(를) 관리",후보 JSON이 실제 제거된 시각,timestamptz,N/A,UTC,46037,N/A,timestamptz,timestamptz,N/A,N/A,N/A,Y,N/A,N,애플리케이션 또는 사용자 입력,N,N/A,N,N/A,N/A,N/A,N,N/A,N/A,N/A,N/A,Spring Backend / Robot·Voice AI 이벤트,Spring Backend 서비스,"Backend, Robot, Voice AI, 대화·개인화 서비스",N/A,N,N/A,N,N,온보딩 원장,행/업무 정책에 따라 삭제,N,ACTIVE,0.3.0,0.3.0,N/A,S15P11E102-84,2026-07-23,원본에 별도 키·제약 없음
onboarding_answer.summary_expires_at,온보딩·AI 처리,온보딩 답변,onboarding_answer,26,동의·업무 목적 종료에 따른 요약 제거 예정 시각,summary_expires_at,동의·업무 목적 종료에 따른 요약 제거 예정 시각,"문항별 답변의 캡처, clarification/confirmation, 검증, 수정 revision, 단기 원문 파기와 최종 도메인 반영을 추적하는 처리 원장이다.에서 동의·업무 목적 종료에 따른 요약 제거 예정 시각을(를) 관리",동의·업무 목적 종료에 따른 요약 제거 예정 시각,timestamptz,N/A,UTC,46037,N/A,timestamptz,timestamptz,N/A,N/A,N/A,Y,N/A,N,애플리케이션 또는 사용자 입력,N,N/A,N,N/A,N/A,N/A,N,N/A,N/A,N/A,N/A,Spring Backend / Robot·Voice AI 이벤트,Spring Backend 서비스,"Backend, Robot, Voice AI, 대화·개인화 서비스",N/A,N,N/A,N,N,행과 동일,행/업무 정책에 따라 삭제,N,ACTIVE,0.3.0,0.3.0,N/A,S15P11E102-84,2026-07-23,원본 키/제약: 요약이 있으면 필수
onboarding_answer.summary_purged_at,온보딩·AI 처리,온보딩 답변,onboarding_answer,27,요약이 실제 제거된 시각,summary_purged_at,요약이 실제 제거된 시각,"문항별 답변의 캡처, clarification/confirmation, 검증, 수정 revision, 단기 원문 파기와 최종 도메인 반영을 추적하는 처리 원장이다.에서 요약이 실제 제거된 시각을(를) 관리",요약이 실제 제거된 시각,timestamptz,N/A,UTC,46037,N/A,timestamptz,timestamptz,N/A,N/A,N/A,Y,N/A,N,애플리케이션 또는 사용자 입력,N,N/A,N,N/A,N/A,N/A,N,N/A,N/A,N/A,N/A,Spring Backend / Robot·Voice AI 이벤트,Spring Backend 서비스,"Backend, Robot, Voice AI, 대화·개인화 서비스",N/A,N,N/A,N,N,온보딩 원장,행/업무 정책에 따라 삭제,N,ACTIVE,0.3.0,0.3.0,N/A,S15P11E102-84,2026-07-23,원본에 별도 키·제약 없음
onboarding_answer.materialization_key,온보딩·AI 처리,온보딩 답변,onboarding_answer,28,한 revision의 최종 반영 작업 멱등 키,materialization_key,한 revision의 최종 반영 작업 멱등 키,"문항별 답변의 캡처, clarification/confirmation, 검증, 수정 revision, 단기 원문 파기와 최종 도메인 반영을 추적하는 처리 원장이다.에서 한 revision의 최종 반영 작업 멱등 키을(를) 관리",한 revision의 최종 반영 작업 멱등 키,varchar(64),N/A,N/A,MATERIALIZATION_KEY,RULE_ONBOARDING_MATERIALIZATION,varchar,varchar(64),64,N/A,N/A,Y,N/A,N,애플리케이션 또는 사용자 입력,N,N/A,N,N/A,N/A,N/A,Y,CONSTRAINT_UQ_ONBOARDING_ANSWER_MATERIALIZATION,N/A,N/A,N/A,Spring Backend / Robot·Voice AI 이벤트,Spring Backend 서비스,"Backend, Robot, Voice AI, 대화·개인화 서비스",N/A,간접,간접식별정보,Y,TBD,온보딩 원장,원본 정책에 따름,Y,ACTIVE,0.3.0,0.3.0,N/A,S15P11E102-84,2026-07-23,원본 키/제약: 부분 UNIQUE
onboarding_answer.materialized_at,온보딩·AI 처리,온보딩 답변,onboarding_answer,29,최종 도메인 반영 판단 완료 시각,materialized_at,최종 도메인 반영 판단 완료 시각,"문항별 답변의 캡처, clarification/confirmation, 검증, 수정 revision, 단기 원문 파기와 최종 도메인 반영을 추적하는 처리 원장이다.에서 최종 도메인 반영 판단 완료 시각을(를) 관리",최종 도메인 반영 판단 완료 시각,timestamptz,N/A,UTC,46037,RULE_ONBOARDING_MATERIALIZATION,timestamptz,timestamptz,N/A,N/A,N/A,Y,N/A,N,애플리케이션 또는 사용자 입력,N,N/A,N,N/A,N/A,N/A,N,N/A,N/A,N/A,N/A,Spring Backend / Robot·Voice AI 이벤트,Spring Backend 서비스,"Backend, Robot, Voice AI, 대화·개인화 서비스",N/A,N,N/A,N,N,온보딩 원장,행/업무 정책에 따라 삭제,N,ACTIVE,0.3.0,0.3.0,N/A,S15P11E102-84,2026-07-23,원본 키/제약: key·target_refs와 동시 설정
onboarding_answer.target_refs,온보딩·AI 처리,온보딩 답변,onboarding_answer,30,반영한 APP_USER/MEMORY/CARE_RE…,target_refs,반영한 APP_USER/MEMORY/CARE_RECORD ID와 필드명,"문항별 답변의 캡처, clarification/confirmation, 검증, 수정 revision, 단기 원문 파기와 최종 도메인 반영을 추적하는 처리 원장이다.에서 반영한 APP_USER/MEMORY/CARE_RECORD ID와 필드명을(를) 관리",반영한 APP_USER/MEMORY/CARE_RECORD ID와 필드명,JSON object; 구조 ID 참조,N/A,N/A,구조 ID 참조,RULE_ONBOARDING_MATERIALIZATION,jsonb,jsonb,N/A,N/A,N/A,N,"{""schemaVersion"":1,""items"":[]}",N,애플리케이션 또는 사용자 입력,N,N/A,N,N/A,N/A,N/A,N,CHK_ONBOARDING_ANSWER_TARGET_REFS,N/A,JSON_ONBOARDING_TARGET_REFS_V1,N/A,Spring Backend / Robot·Voice AI 이벤트,Spring Backend 서비스,"Backend, Robot, Voice AI, 대화·개인화 서비스",N/A,Y,개인정보 또는 건강·생활정보,Y,TBD,온보딩 원장,원본 정책에 따름,Y,ACTIVE,0.3.0,0.3.0,N/A,S15P11E102-84,2026-07-23,원본 키/제약: 제한 JSON object CHECK
onboarding_answer.created_at,온보딩·AI 처리,온보딩 답변,onboarding_answer,31,생성 시각,created_at,행 생성 시각,"문항별 답변의 캡처, clarification/confirmation, 검증, 수정 revision, 단기 원문 파기와 최종 도메인 반영을 추적하는 처리 원장이다.에서 행 생성 시각을(를) 관리",행 생성 시각,timestamptz,N/A,UTC,46037,N/A,timestamptz,timestamptz,N/A,N/A,N/A,N,now(),Y,PostgreSQL DEFAULT,N,N/A,N,N/A,N/A,N/A,N,N/A,N/A,N/A,N/A,Spring Backend / Robot·Voice AI 이벤트,Spring Backend 서비스,"Backend, Robot, Voice AI, 대화·개인화 서비스",N/A,N,N/A,N,N,행과 동일,행/업무 정책에 따라 삭제,N,ACTIVE,0.3.0,0.3.0,N/A,S15P11E102-84,2026-07-23,원본에 별도 키·제약 없음
onboarding_answer.updated_at,온보딩·AI 처리,온보딩 답변,onboarding_answer,32,최종 수정 시각,updated_at,최종 갱신 시각,"문항별 답변의 캡처, clarification/confirmation, 검증, 수정 revision, 단기 원문 파기와 최종 도메인 반영을 추적하는 처리 원장이다.에서 최종 갱신 시각을(를) 관리",최종 갱신 시각,timestamptz,N/A,UTC,46037,N/A,timestamptz,timestamptz,N/A,N/A,N/A,N,now(),Y,PostgreSQL DEFAULT,N,N/A,N,N/A,N/A,N/A,N,N/A,N/A,N/A,N/A,Spring Backend / Robot·Voice AI 이벤트,Spring Backend 서비스,"Backend, Robot, Voice AI, 대화·개인화 서비스",N/A,N,N/A,N,N,행과 동일,행/업무 정책에 따라 삭제,N,ACTIVE,0.3.0,0.3.0,N/A,S15P11E102-84,2026-07-23,원본 키/제약: 서비스가 갱신
scenario.id,시나리오·AIoT,시나리오,scenario,1,내부 식별자,id,시나리오 ID,"외부 이벤트 멱등성, 귀가·수동 상호작용·낙상 대응의 굵은 상태, 주행·Vision·복귀 최종 결과를 저장한다.에서 시나리오 ID을(를) 관리",시나리오 ID,uuid,N/A,N/A,00000000-0000-4000-8000-000000000001,N/A,uuid,uuid,N/A,N/A,N/A,N,gen_random_uuid(),Y,PostgreSQL DEFAULT,Y,1,N,N/A,N/A,N/A,N,N/A,N/A,N/A,N/A,Spring Backend / IoT·Robot 이벤트,Spring Backend 서비스,"Backend, Robot, Vision AI, MQTT",MAP-VISION-SCENARIO-ID,간접,간접식별정보,Y,TBD,일반 90일/안전 정책,"일반 귀가·수동 시나리오는 종료 후 기본 90일을 제안하고, 낙상·안전 기록은 확정된 별도 정책을 따른다. 사용자 삭제 시 설명·timeline의 개인정보를 제거하고 참조 보존 필요성을 심사한다. 프레임·얼굴·음성·세밀한 경로는 처음부터 저장하지 않는다. 단기 Vision 요청/지연 메타데이터는 30일 후 NULL 처리할 수 있지만 모델명·버전·최종 상태는 결과와 함께 유지한다.",Y,ACTIVE,0.3.0,0.3.0,N/A,S15P11E102-84,2026-07-23,원본 키/제약: PK
scenario.senior_id,시나리오·AIoT,시나리오,scenario,2,대상 어르신 ID,senior_id,대상 어르신,"외부 이벤트 멱등성, 귀가·수동 상호작용·낙상 대응의 굵은 상태, 주행·Vision·복귀 최종 결과를 저장한다.에서 대상 어르신을(를) 관리",대상 어르신,uuid,N/A,N/A,00000000-0000-4000-8000-000000000001,RULE_SCENARIO_ROBOT_ASSIGNMENT,uuid,uuid,N/A,N/A,N/A,N,N/A,N,애플리케이션 또는 사용자 입력,N,N/A,Y,FK_SCENARIO_SENIOR_ID,app_user,id,N,N/A,N/A,N/A,N/A,Spring Backend / IoT·Robot 이벤트,Spring Backend 서비스,"Backend, Robot, Vision AI, MQTT",N/A,Y,개인정보 또는 건강·생활정보,Y,TBD,행과 동일,"일반 귀가·수동 시나리오는 종료 후 기본 90일을 제안하고, 낙상·안전 기록은 확정된 별도 정책을 따른다. 사용자 삭제 시 설명·timeline의 개인정보를 제거하고 참조 보존 필요성을 심사한다. 프레임·얼굴·음성·세밀한 경로는 처음부터 저장하지 않는다. 단기 Vision 요청/지연 메타데이터는 30일 후 NULL 처리할 수 있지만 모델명·버전·최종 상태는 결과와 함께 유지한다.",Y,ACTIVE,0.3.0,0.3.0,N/A,S15P11E102-84,2026-07-23,원본 키/제약: FK→`app_user.id
scenario.robot_id,시나리오·AIoT,시나리오,scenario,3,수행 로봇 ID,robot_id,수행 로봇,"외부 이벤트 멱등성, 귀가·수동 상호작용·낙상 대응의 굵은 상태, 주행·Vision·복귀 최종 결과를 저장한다.에서 수행 로봇을(를) 관리",수행 로봇,uuid,N/A,N/A,00000000-0000-4000-8000-000000000001,RULE_SCENARIO_ROBOT_ASSIGNMENT,uuid,uuid,N/A,N/A,N/A,N,N/A,N,애플리케이션 또는 사용자 입력,N,N/A,Y,FK_SCENARIO_ROBOT_ID,robot,id,N,N/A,N/A,N/A,N/A,Spring Backend / IoT·Robot 이벤트,Spring Backend 서비스,"Backend, Robot, Vision AI, MQTT",N/A,간접,간접식별정보,Y,TBD,행과 동일,"일반 귀가·수동 시나리오는 종료 후 기본 90일을 제안하고, 낙상·안전 기록은 확정된 별도 정책을 따른다. 사용자 삭제 시 설명·timeline의 개인정보를 제거하고 참조 보존 필요성을 심사한다. 프레임·얼굴·음성·세밀한 경로는 처음부터 저장하지 않는다. 단기 Vision 요청/지연 메타데이터는 30일 후 NULL 처리할 수 있지만 모델명·버전·최종 상태는 결과와 함께 유지한다.",Y,ACTIVE,0.3.0,0.3.0,N/A,S15P11E102-84,2026-07-23,원본 키/제약: FK→`robot.id
scenario.scenario_type,시나리오·AIoT,시나리오,scenario,4,시나리오 종류,scenario_type,시나리오 종류,"외부 이벤트 멱등성, 귀가·수동 상호작용·낙상 대응의 굵은 상태, 주행·Vision·복귀 최종 결과를 저장한다.에서 시나리오 종류을(를) 관리",시나리오 종류,varchar(30),N/A,N/A,SCENARIO_TYPE,N/A,varchar,varchar(30),30,N/A,N/A,N,N/A,N,애플리케이션 또는 사용자 입력,N,N/A,N,N/A,N/A,N/A,N,CHK_SCENARIO_SCENARIO_TYPE,CODE_SCENARIO_TYPE,N/A,N/A,Spring Backend / IoT·Robot 이벤트,Spring Backend 서비스,"Backend, Robot, Vision AI, MQTT",MAP-VISION-SCENARIO-TYPE,간접,간접식별정보,Y,TBD,행과 동일,"일반 귀가·수동 시나리오는 종료 후 기본 90일을 제안하고, 낙상·안전 기록은 확정된 별도 정책을 따른다. 사용자 삭제 시 설명·timeline의 개인정보를 제거하고 참조 보존 필요성을 심사한다. 프레임·얼굴·음성·세밀한 경로는 처음부터 저장하지 않는다. 단기 Vision 요청/지연 메타데이터는 30일 후 NULL 처리할 수 있지만 모델명·버전·최종 상태는 결과와 함께 유지한다.",Y,ACTIVE,0.3.0,0.3.0,N/A,S15P11E102-84,2026-07-23,"원본 키/제약: CHECK `HOMECOMING, FALL_RESPONSE, MANUAL_INTERACTION"
scenario.external_event_id,시나리오·AIoT,시나리오,scenario,5,외부 이벤트 멱등 ID,external_event_id,오프라인 재전송 멱등 키 원문,"외부 이벤트 멱등성, 귀가·수동 상호작용·낙상 대응의 굵은 상태, 주행·Vision·복귀 최종 결과를 저장한다.에서 오프라인 재전송 멱등 키 원문을(를) 관리",오프라인 재전송 멱등 키 원문,varchar(64),N/A,N/A,EXTERNAL_EVENT_ID,RULE_EVENT_IDEMPOTENCY,varchar,varchar(64),64,N/A,N/A,N,N/A,N,애플리케이션 또는 사용자 입력,N,N/A,N,N/A,N/A,N/A,Y,CONSTRAINT_UQ_SCENARIO_EXTERNAL_EVENT,N/A,N/A,N/A,Spring Backend / IoT·Robot 이벤트,Spring Backend 서비스,"Backend, Robot, Vision AI, MQTT",MAP-SCENARIO-EXTERNAL-EVENT-ID,간접,간접식별정보,Y,TBD,행과 동일,"일반 귀가·수동 시나리오는 종료 후 기본 90일을 제안하고, 낙상·안전 기록은 확정된 별도 정책을 따른다. 사용자 삭제 시 설명·timeline의 개인정보를 제거하고 참조 보존 필요성을 심사한다. 프레임·얼굴·음성·세밀한 경로는 처음부터 저장하지 않는다. 단기 Vision 요청/지연 메타데이터는 30일 후 NULL 처리할 수 있지만 모델명·버전·최종 상태는 결과와 함께 유지한다.",Y,ACTIVE,0.3.0,0.3.0,N/A,S15P11E102-84,2026-07-23,"원본 키/제약: UNIQUE, 형식 allowlist"
scenario.trigger_type,시나리오·AIoT,시나리오,scenario,6,출입·낙상·수동 등 트리거 종류,trigger_type,출입·낙상·수동 등 트리거 종류,"외부 이벤트 멱등성, 귀가·수동 상호작용·낙상 대응의 굵은 상태, 주행·Vision·복귀 최종 결과를 저장한다.에서 출입·낙상·수동 등 트리거 종류을(를) 관리",출입·낙상·수동 등 트리거 종류,varchar(50),N/A,N/A,TRIGGER_TYPE,N/A,varchar,varchar(50),50,N/A,N/A,N,N/A,N,애플리케이션 또는 사용자 입력,N,N/A,N,N/A,N/A,N/A,N,N/A,N/A,N/A,N/A,Spring Backend / IoT·Robot 이벤트,Spring Backend 서비스,"Backend, Robot, Vision AI, MQTT",N/A,간접,간접식별정보,Y,TBD,행과 동일,"일반 귀가·수동 시나리오는 종료 후 기본 90일을 제안하고, 낙상·안전 기록은 확정된 별도 정책을 따른다. 사용자 삭제 시 설명·timeline의 개인정보를 제거하고 참조 보존 필요성을 심사한다. 프레임·얼굴·음성·세밀한 경로는 처음부터 저장하지 않는다. 단기 Vision 요청/지연 메타데이터는 30일 후 NULL 처리할 수 있지만 모델명·버전·최종 상태는 결과와 함께 유지한다.",Y,ACTIVE,0.3.0,0.3.0,N/A,S15P11E102-84,2026-07-23,원본에 별도 키·제약 없음
scenario.trigger_device_code,시나리오·AIoT,시나리오,scenario,7,발생 장치 코드,trigger_device_code,발생 장치 코드; device FK 없음,"외부 이벤트 멱등성, 귀가·수동 상호작용·낙상 대응의 굵은 상태, 주행·Vision·복귀 최종 결과를 저장한다.에서 발생 장치 코드; device FK 없음을(를) 관리",발생 장치 코드; device FK 없음,varchar(100),N/A,N/A,TRIGGER_DEVICE_CODE,N/A,varchar,varchar(100),100,N/A,N/A,N,N/A,N,애플리케이션 또는 사용자 입력,N,N/A,N,N/A,N/A,N/A,N,N/A,N/A,N/A,N/A,Spring Backend / IoT·Robot 이벤트,Spring Backend 서비스,"Backend, Robot, Vision AI, MQTT",MAP-SCENARIO-TRIGGER-DEVICE,간접,간접식별정보,Y,TBD,행과 동일,"일반 귀가·수동 시나리오는 종료 후 기본 90일을 제안하고, 낙상·안전 기록은 확정된 별도 정책을 따른다. 사용자 삭제 시 설명·timeline의 개인정보를 제거하고 참조 보존 필요성을 심사한다. 프레임·얼굴·음성·세밀한 경로는 처음부터 저장하지 않는다. 단기 Vision 요청/지연 메타데이터는 30일 후 NULL 처리할 수 있지만 모델명·버전·최종 상태는 결과와 함께 유지한다.",Y,ACTIVE,0.3.0,0.3.0,N/A,S15P11E102-84,2026-07-23,원본에 별도 키·제약 없음
scenario.occurred_at,시나리오·AIoT,시나리오,scenario,8,사건 발생 시각,occurred_at,장치 기준 실제 발생 시각,"외부 이벤트 멱등성, 귀가·수동 상호작용·낙상 대응의 굵은 상태, 주행·Vision·복귀 최종 결과를 저장한다.에서 장치 기준 실제 발생 시각을(를) 관리",장치 기준 실제 발생 시각,timestamptz,N/A,UTC,46037,N/A,timestamptz,timestamptz,N/A,N/A,N/A,N,N/A,N,애플리케이션 또는 사용자 입력,N,N/A,N,N/A,N/A,N/A,N,N/A,N/A,N/A,N/A,Spring Backend / IoT·Robot 이벤트,Spring Backend 서비스,"Backend, Robot, Vision AI, MQTT",MAP-SCENARIO-OCCURRED-AT,간접,간접식별정보,Y,TBD,행과 동일,"일반 귀가·수동 시나리오는 종료 후 기본 90일을 제안하고, 낙상·안전 기록은 확정된 별도 정책을 따른다. 사용자 삭제 시 설명·timeline의 개인정보를 제거하고 참조 보존 필요성을 심사한다. 프레임·얼굴·음성·세밀한 경로는 처음부터 저장하지 않는다. 단기 Vision 요청/지연 메타데이터는 30일 후 NULL 처리할 수 있지만 모델명·버전·최종 상태는 결과와 함께 유지한다.",Y,ACTIVE,0.3.0,0.3.0,N/A,S15P11E102-84,2026-07-23,원본에 별도 키·제약 없음
scenario.received_at,시나리오·AIoT,시나리오,scenario,9,백엔드 수신 시각,received_at,Backend 최초 수신 시각,"외부 이벤트 멱등성, 귀가·수동 상호작용·낙상 대응의 굵은 상태, 주행·Vision·복귀 최종 결과를 저장한다.에서 Backend 최초 수신 시각을(를) 관리",Backend 최초 수신 시각,timestamptz,N/A,UTC,46037,N/A,timestamptz,timestamptz,N/A,N/A,N/A,N,now(),Y,PostgreSQL DEFAULT,N,N/A,N,N/A,N/A,N/A,N,N/A,N/A,N/A,N/A,Spring Backend / IoT·Robot 이벤트,Spring Backend 서비스,"Backend, Robot, Vision AI, MQTT",N/A,N,N/A,N,N,행과 동일,행/업무 정책에 따라 삭제,N,ACTIVE,0.3.0,0.3.0,N/A,S15P11E102-84,2026-07-23,원본에 별도 키·제약 없음
scenario.status,시나리오·AIoT,시나리오,scenario,10,업무 상태,status,전체 업무 상태,"외부 이벤트 멱등성, 귀가·수동 상호작용·낙상 대응의 굵은 상태, 주행·Vision·복귀 최종 결과를 저장한다.에서 전체 업무 상태을(를) 관리",전체 업무 상태,varchar(40),N/A,N/A,STATUS,RULE_TERMINAL_STATE,varchar,varchar(40),40,N/A,N/A,N,RECEIVED,N,애플리케이션 또는 사용자 입력,N,N/A,N,N/A,N/A,N/A,N,CHK_SCENARIO_STATUS,CODE_SCENARIO_STATUS,N/A,N/A,Spring Backend / IoT·Robot 이벤트,Spring Backend 서비스,"Backend, Robot, Vision AI, MQTT",N/A,간접,간접식별정보,Y,TBD,행과 동일,"일반 귀가·수동 시나리오는 종료 후 기본 90일을 제안하고, 낙상·안전 기록은 확정된 별도 정책을 따른다. 사용자 삭제 시 설명·timeline의 개인정보를 제거하고 참조 보존 필요성을 심사한다. 프레임·얼굴·음성·세밀한 경로는 처음부터 저장하지 않는다. 단기 Vision 요청/지연 메타데이터는 30일 후 NULL 처리할 수 있지만 모델명·버전·최종 상태는 결과와 함께 유지한다.",Y,ACTIVE,0.3.0,0.3.0,N/A,S15P11E102-84,2026-07-23,원본 키/제약: 유형별 CHECK/서비스 전이
scenario.started_at,시나리오·AIoT,시나리오,scenario,11,처리 시작 시각,started_at,실제 처리 시작,"외부 이벤트 멱등성, 귀가·수동 상호작용·낙상 대응의 굵은 상태, 주행·Vision·복귀 최종 결과를 저장한다.에서 실제 처리 시작을(를) 관리",실제 처리 시작,timestamptz,N/A,UTC,46037,N/A,timestamptz,timestamptz,N/A,N/A,N/A,Y,N/A,N,애플리케이션 또는 사용자 입력,N,N/A,N,N/A,N/A,N/A,N,N/A,N/A,N/A,N/A,Spring Backend / IoT·Robot 이벤트,Spring Backend 서비스,"Backend, Robot, Vision AI, MQTT",N/A,N,N/A,N,N,행과 동일,행/업무 정책에 따라 삭제,N,ACTIVE,0.3.0,0.3.0,N/A,S15P11E102-84,2026-07-23,원본에 별도 키·제약 없음
scenario.completed_at,시나리오·AIoT,시나리오,scenario,12,처리 완료 시각,completed_at,최종 종료 시각,"외부 이벤트 멱등성, 귀가·수동 상호작용·낙상 대응의 굵은 상태, 주행·Vision·복귀 최종 결과를 저장한다.에서 최종 종료 시각을(를) 관리",최종 종료 시각,timestamptz,N/A,UTC,46037,RULE_TIME_ORDER,timestamptz,timestamptz,N/A,N/A,N/A,Y,N/A,N,애플리케이션 또는 사용자 입력,N,N/A,N,N/A,N/A,N/A,N,N/A,N/A,N/A,N/A,Spring Backend / IoT·Robot 이벤트,Spring Backend 서비스,"Backend, Robot, Vision AI, MQTT",N/A,N,N/A,N,N,행과 동일,행/업무 정책에 따라 삭제,N,ACTIVE,0.3.0,0.3.0,N/A,S15P11E102-84,2026-07-23,원본 키/제약: 종료 상태면 필수
scenario.navigation_status,시나리오·AIoT,시나리오,scenario,13,현관 이동 최종/현재 상태,navigation_status,현관 이동 최종/현재 상태,"외부 이벤트 멱등성, 귀가·수동 상호작용·낙상 대응의 굵은 상태, 주행·Vision·복귀 최종 결과를 저장한다.에서 현관 이동 최종/현재 상태을(를) 관리",현관 이동 최종/현재 상태,varchar(30),N/A,N/A,NAVIGATION_STATUS,N/A,varchar,varchar(30),30,N/A,N/A,Y,N/A,N,애플리케이션 또는 사용자 입력,N,N/A,N,N/A,N/A,N/A,N,N/A,CODE_NAVIGATION_STATUS,N/A,N/A,Spring Backend / IoT·Robot 이벤트,Spring Backend 서비스,"Backend, Robot, Vision AI, MQTT",N/A,간접,간접식별정보,Y,TBD,행과 동일,"일반 귀가·수동 시나리오는 종료 후 기본 90일을 제안하고, 낙상·안전 기록은 확정된 별도 정책을 따른다. 사용자 삭제 시 설명·timeline의 개인정보를 제거하고 참조 보존 필요성을 심사한다. 프레임·얼굴·음성·세밀한 경로는 처음부터 저장하지 않는다. 단기 Vision 요청/지연 메타데이터는 30일 후 NULL 처리할 수 있지만 모델명·버전·최종 상태는 결과와 함께 유지한다.",Y,ACTIVE,0.3.0,0.3.0,N/A,S15P11E102-84,2026-07-23,원본 키/제약: 서비스 허용값
scenario.navigation_command_id,시나리오·AIoT,시나리오,scenario,14,현관 이동 재발행 키 원문,navigation_command_id,현관 이동 재발행 키 원문,"외부 이벤트 멱등성, 귀가·수동 상호작용·낙상 대응의 굵은 상태, 주행·Vision·복귀 최종 결과를 저장한다.에서 현관 이동 재발행 키 원문을(를) 관리",현관 이동 재발행 키 원문,varchar(64),N/A,N/A,NAVIGATION_COMMAND_ID,N/A,varchar,varchar(64),64,N/A,N/A,Y,N/A,N,애플리케이션 또는 사용자 입력,N,N/A,N,N/A,N/A,N/A,Y,CONSTRAINT_UQ_SCENARIO_NAVIGATION_COMMAND,N/A,N/A,N/A,Spring Backend / IoT·Robot 이벤트,Spring Backend 서비스,"Backend, Robot, Vision AI, MQTT",MAP-NAVIGATION-COMMAND-ID,간접,간접식별정보,Y,TBD,행과 동일,"일반 귀가·수동 시나리오는 종료 후 기본 90일을 제안하고, 낙상·안전 기록은 확정된 별도 정책을 따른다. 사용자 삭제 시 설명·timeline의 개인정보를 제거하고 참조 보존 필요성을 심사한다. 프레임·얼굴·음성·세밀한 경로는 처음부터 저장하지 않는다. 단기 Vision 요청/지연 메타데이터는 30일 후 NULL 처리할 수 있지만 모델명·버전·최종 상태는 결과와 함께 유지한다.",Y,ACTIVE,0.3.0,0.3.0,N/A,S15P11E102-84,2026-07-23,원본 키/제약: 부분 UNIQUE 권장
scenario.origin_waypoint,시나리오·AIoT,시나리오,scenario,15,의미 있는 출발 위치 참조,origin_waypoint,의미 있는 출발 위치 참조,"외부 이벤트 멱등성, 귀가·수동 상호작용·낙상 대응의 굵은 상태, 주행·Vision·복귀 최종 결과를 저장한다.에서 의미 있는 출발 위치 참조을(를) 관리",의미 있는 출발 위치 참조,varchar(200),N/A,N/A,비식별 가상 값,N/A,varchar,varchar(200),200,N/A,N/A,Y,N/A,N,애플리케이션 또는 사용자 입력,N,N/A,N,N/A,N/A,N/A,N,N/A,N/A,N/A,N/A,Spring Backend / IoT·Robot 이벤트,Spring Backend 서비스,"Backend, Robot, Vision AI, MQTT",N/A,Y,개인정보 또는 건강·생활정보,Y,TBD,행과 동일,"일반 귀가·수동 시나리오는 종료 후 기본 90일을 제안하고, 낙상·안전 기록은 확정된 별도 정책을 따른다. 사용자 삭제 시 설명·timeline의 개인정보를 제거하고 참조 보존 필요성을 심사한다. 프레임·얼굴·음성·세밀한 경로는 처음부터 저장하지 않는다. 단기 Vision 요청/지연 메타데이터는 30일 후 NULL 처리할 수 있지만 모델명·버전·최종 상태는 결과와 함께 유지한다.",Y,ACTIVE,0.3.0,0.3.0,N/A,S15P11E102-84,2026-07-23,원본에 별도 키·제약 없음
scenario.destination_waypoint,시나리오·AIoT,시나리오,scenario,16,이동 목적 waypoint 참조,destination_waypoint,이동 목적 waypoint 참조,"외부 이벤트 멱등성, 귀가·수동 상호작용·낙상 대응의 굵은 상태, 주행·Vision·복귀 최종 결과를 저장한다.에서 이동 목적 waypoint 참조을(를) 관리",이동 목적 waypoint 참조,varchar(200),N/A,N/A,비식별 가상 값,N/A,varchar,varchar(200),200,N/A,N/A,Y,N/A,N,애플리케이션 또는 사용자 입력,N,N/A,N,N/A,N/A,N/A,N,N/A,N/A,N/A,N/A,Spring Backend / IoT·Robot 이벤트,Spring Backend 서비스,"Backend, Robot, Vision AI, MQTT",MAP-NAVIGATION-WAYPOINT,Y,개인정보 또는 건강·생활정보,Y,TBD,행과 동일,"일반 귀가·수동 시나리오는 종료 후 기본 90일을 제안하고, 낙상·안전 기록은 확정된 별도 정책을 따른다. 사용자 삭제 시 설명·timeline의 개인정보를 제거하고 참조 보존 필요성을 심사한다. 프레임·얼굴·음성·세밀한 경로는 처음부터 저장하지 않는다. 단기 Vision 요청/지연 메타데이터는 30일 후 NULL 처리할 수 있지만 모델명·버전·최종 상태는 결과와 함께 유지한다.",Y,ACTIVE,0.3.0,0.3.0,N/A,S15P11E102-84,2026-07-23,원본에 별도 키·제약 없음
scenario.navigation_started_at,시나리오·AIoT,시나리오,scenario,17,현관 이동 시작,navigation_started_at,현관 이동 시작,"외부 이벤트 멱등성, 귀가·수동 상호작용·낙상 대응의 굵은 상태, 주행·Vision·복귀 최종 결과를 저장한다.에서 현관 이동 시작을(를) 관리",현관 이동 시작,timestamptz,N/A,UTC,46037,N/A,timestamptz,timestamptz,N/A,N/A,N/A,Y,N/A,N,애플리케이션 또는 사용자 입력,N,N/A,N,N/A,N/A,N/A,N,N/A,N/A,N/A,N/A,Spring Backend / IoT·Robot 이벤트,Spring Backend 서비스,"Backend, Robot, Vision AI, MQTT",N/A,N,N/A,N,N,행과 동일,행/업무 정책에 따라 삭제,N,ACTIVE,0.3.0,0.3.0,N/A,S15P11E102-84,2026-07-23,원본에 별도 키·제약 없음
scenario.navigation_completed_at,시나리오·AIoT,시나리오,scenario,18,현관 이동 종료,navigation_completed_at,현관 이동 종료,"외부 이벤트 멱등성, 귀가·수동 상호작용·낙상 대응의 굵은 상태, 주행·Vision·복귀 최종 결과를 저장한다.에서 현관 이동 종료을(를) 관리",현관 이동 종료,timestamptz,N/A,UTC,46037,N/A,timestamptz,timestamptz,N/A,N/A,N/A,Y,N/A,N,애플리케이션 또는 사용자 입력,N,N/A,N,N/A,N/A,N/A,N,N/A,N/A,N/A,N/A,Spring Backend / IoT·Robot 이벤트,Spring Backend 서비스,"Backend, Robot, Vision AI, MQTT",N/A,N,N/A,N,N,행과 동일,행/업무 정책에 따라 삭제,N,ACTIVE,0.3.0,0.3.0,N/A,S15P11E102-84,2026-07-23,원본에 별도 키·제약 없음
scenario.navigation_failure_reason,시나리오·AIoT,시나리오,scenario,19,표준화하기 전 짧은 실패 설명,navigation_failure_reason,표준화하기 전 짧은 실패 설명,"외부 이벤트 멱등성, 귀가·수동 상호작용·낙상 대응의 굵은 상태, 주행·Vision·복귀 최종 결과를 저장한다.에서 표준화하기 전 짧은 실패 설명을(를) 관리",표준화하기 전 짧은 실패 설명,varchar(500),N/A,N/A,NAVIGATION_FAILURE_REASO,N/A,varchar,varchar(500),500,N/A,N/A,Y,N/A,N,애플리케이션 또는 사용자 입력,N,N/A,N,N/A,N/A,N/A,N,N/A,N/A,N/A,N/A,Spring Backend / IoT·Robot 이벤트,Spring Backend 서비스,"Backend, Robot, Vision AI, MQTT",N/A,간접,간접식별정보,Y,TBD,행과 동일,"일반 귀가·수동 시나리오는 종료 후 기본 90일을 제안하고, 낙상·안전 기록은 확정된 별도 정책을 따른다. 사용자 삭제 시 설명·timeline의 개인정보를 제거하고 참조 보존 필요성을 심사한다. 프레임·얼굴·음성·세밀한 경로는 처음부터 저장하지 않는다. 단기 Vision 요청/지연 메타데이터는 30일 후 NULL 처리할 수 있지만 모델명·버전·최종 상태는 결과와 함께 유지한다.",Y,ACTIVE,0.3.0,0.3.0,N/A,S15P11E102-84,2026-07-23,원본 키/제약: 자유 민감본문 금지
scenario.vision_status,시나리오·AIoT,시나리오,scenario,20,Vision 최종 상태,vision_status,Vision 최종 상태,"외부 이벤트 멱등성, 귀가·수동 상호작용·낙상 대응의 굵은 상태, 주행·Vision·복귀 최종 결과를 저장한다.에서 Vision 최종 상태을(를) 관리",Vision 최종 상태,varchar(30),N/A,N/A,VISION_STATUS,N/A,varchar,varchar(30),30,N/A,N/A,Y,N/A,N,애플리케이션 또는 사용자 입력,N,N/A,N,N/A,N/A,N/A,N,N/A,CODE_VISION_STATUS,N/A,N/A,Spring Backend / IoT·Robot 이벤트,Spring Backend 서비스,"Backend, Robot, Vision AI, MQTT",MAP-VISION-RESULT-TYPE,간접,간접식별정보,Y,TBD,행과 동일,"일반 귀가·수동 시나리오는 종료 후 기본 90일을 제안하고, 낙상·안전 기록은 확정된 별도 정책을 따른다. 사용자 삭제 시 설명·timeline의 개인정보를 제거하고 참조 보존 필요성을 심사한다. 프레임·얼굴·음성·세밀한 경로는 처음부터 저장하지 않는다. 단기 Vision 요청/지연 메타데이터는 30일 후 NULL 처리할 수 있지만 모델명·버전·최종 상태는 결과와 함께 유지한다.",Y,ACTIVE,0.3.0,0.3.0,N/A,S15P11E102-84,2026-07-23,원본 키/제약: 서비스 허용값
scenario.person_count,시나리오·AIoT,시나리오,scenario,21,최종 프레임 묶음의 사람 수 판정,person_count,최종 프레임 묶음의 사람 수 판정,"외부 이벤트 멱등성, 귀가·수동 상호작용·낙상 대응의 굵은 상태, 주행·Vision·복귀 최종 결과를 저장한다.에서 최종 프레임 묶음의 사람 수 판정을(를) 관리",최종 프레임 묶음의 사람 수 판정,smallint,N/A,N/A,0,N/A,smallint,smallint,N/A,N/A,N/A,Y,N/A,N,애플리케이션 또는 사용자 입력,N,N/A,N,N/A,N/A,N/A,N,CHK_SCENARIO_PERSON_COUNT,N/A,N/A,N/A,Spring Backend / IoT·Robot 이벤트,Spring Backend 서비스,"Backend, Robot, Vision AI, MQTT",MAP-VISION-PERSON-COUNT,간접,간접식별정보,Y,TBD,행과 동일,"일반 귀가·수동 시나리오는 종료 후 기본 90일을 제안하고, 낙상·안전 기록은 확정된 별도 정책을 따른다. 사용자 삭제 시 설명·timeline의 개인정보를 제거하고 참조 보존 필요성을 심사한다. 프레임·얼굴·음성·세밀한 경로는 처음부터 저장하지 않는다. 단기 Vision 요청/지연 메타데이터는 30일 후 NULL 처리할 수 있지만 모델명·버전·최종 상태는 결과와 함께 유지한다.",Y,ACTIVE,0.3.0,0.3.0,N/A,S15P11E102-84,2026-07-23,원본 키/제약: CHECK `>=0
scenario.interaction_allowed,시나리오·AIoT,시나리오,scenario,22,상호작용 가능 최종 판정,interaction_allowed,상호작용 가능 최종 판정,"외부 이벤트 멱등성, 귀가·수동 상호작용·낙상 대응의 굵은 상태, 주행·Vision·복귀 최종 결과를 저장한다.에서 상호작용 가능 최종 판정을(를) 관리",상호작용 가능 최종 판정,boolean,N/A,N/A,false,N/A,boolean,boolean,N/A,N/A,N/A,Y,N/A,N,애플리케이션 또는 사용자 입력,N,N/A,N,N/A,N/A,N/A,N,N/A,N/A,N/A,N/A,Spring Backend / IoT·Robot 이벤트,Spring Backend 서비스,"Backend, Robot, Vision AI, MQTT",N/A,간접,간접식별정보,Y,TBD,행과 동일,"일반 귀가·수동 시나리오는 종료 후 기본 90일을 제안하고, 낙상·안전 기록은 확정된 별도 정책을 따른다. 사용자 삭제 시 설명·timeline의 개인정보를 제거하고 참조 보존 필요성을 심사한다. 프레임·얼굴·음성·세밀한 경로는 처음부터 저장하지 않는다. 단기 Vision 요청/지연 메타데이터는 30일 후 NULL 처리할 수 있지만 모델명·버전·최종 상태는 결과와 함께 유지한다.",Y,ACTIVE,0.3.0,0.3.0,N/A,S15P11E102-84,2026-07-23,원본 키/제약: Backend 정책 결과
scenario.vision_confidence,시나리오·AIoT,시나리오,scenario,23,최종 업무 판정 신뢰도,vision_confidence,최종 업무 판정 신뢰도,"외부 이벤트 멱등성, 귀가·수동 상호작용·낙상 대응의 굵은 상태, 주행·Vision·복귀 최종 결과를 저장한다.에서 최종 업무 판정 신뢰도을(를) 관리",최종 업무 판정 신뢰도,"numeric(5,4)",N/A,N/A,0,N/A,numeric,"numeric(5,4)",N/A,5,4,Y,N/A,N,애플리케이션 또는 사용자 입력,N,N/A,N,N/A,N/A,N/A,N,CHK_SCENARIO_VISION_CONFIDENCE,N/A,N/A,N/A,Spring Backend / IoT·Robot 이벤트,Spring Backend 서비스,"Backend, Robot, Vision AI, MQTT",MAP-VISION-CONFIDENCE,파생,민감 파생정보,Y,TBD,행과 동일,"일반 귀가·수동 시나리오는 종료 후 기본 90일을 제안하고, 낙상·안전 기록은 확정된 별도 정책을 따른다. 사용자 삭제 시 설명·timeline의 개인정보를 제거하고 참조 보존 필요성을 심사한다. 프레임·얼굴·음성·세밀한 경로는 처음부터 저장하지 않는다. 단기 Vision 요청/지연 메타데이터는 30일 후 NULL 처리할 수 있지만 모델명·버전·최종 상태는 결과와 함께 유지한다.",Y,ACTIVE,0.3.0,0.3.0,N/A,S15P11E102-84,2026-07-23,원본 키/제약: CHECK 0~1
scenario.vision_model_name,시나리오·AIoT,시나리오,scenario,24,결과 모델명,vision_model_name,결과 모델명,"외부 이벤트 멱등성, 귀가·수동 상호작용·낙상 대응의 굵은 상태, 주행·Vision·복귀 최종 결과를 저장한다.에서 결과 모델명을(를) 관리",결과 모델명,varchar(200),N/A,N/A,VISION_MODEL_NAME,N/A,varchar,varchar(200),200,N/A,N/A,Y,N/A,N,애플리케이션 또는 사용자 입력,N,N/A,N,N/A,N/A,N/A,N,N/A,N/A,N/A,N/A,Spring Backend / IoT·Robot 이벤트,Spring Backend 서비스,"Backend, Robot, Vision AI, MQTT",MAP-VISION-MODEL-NAME,N,N/A,N,N,행과 동일,행/업무 정책에 따라 삭제,N,ACTIVE,0.3.0,0.3.0,N/A,S15P11E102-84,2026-07-23,원본에 별도 키·제약 없음
scenario.vision_model_version,시나리오·AIoT,시나리오,scenario,25,결과 모델 버전,vision_model_version,결과 모델 버전,"외부 이벤트 멱등성, 귀가·수동 상호작용·낙상 대응의 굵은 상태, 주행·Vision·복귀 최종 결과를 저장한다.에서 결과 모델 버전을(를) 관리",결과 모델 버전,varchar(100),N/A,N/A,VISION_MODEL_VERSION,N/A,varchar,varchar(100),100,N/A,N/A,Y,N/A,N,애플리케이션 또는 사용자 입력,N,N/A,N,N/A,N/A,N/A,N,N/A,N/A,N/A,N/A,Spring Backend / IoT·Robot 이벤트,Spring Backend 서비스,"Backend, Robot, Vision AI, MQTT",MAP-VISION-MODEL-VERSION,N,N/A,N,N,행과 동일,행/업무 정책에 따라 삭제,N,ACTIVE,0.3.0,0.3.0,N/A,S15P11E102-84,2026-07-23,원본에 별도 키·제약 없음
scenario.vision_request_id,시나리오·AIoT,시나리오,scenario,26,동일 Vision 작업 식별자 원문,vision_request_id,동일 Vision 작업 식별자 원문,"외부 이벤트 멱등성, 귀가·수동 상호작용·낙상 대응의 굵은 상태, 주행·Vision·복귀 최종 결과를 저장한다.에서 동일 Vision 작업 식별자 원문을(를) 관리",동일 Vision 작업 식별자 원문,varchar(64),N/A,N/A,VISION_REQUEST_ID,RULE_VISION_REQUEST_IDEMPOTENCY,varchar,varchar(64),64,N/A,N/A,Y,N/A,N,애플리케이션 또는 사용자 입력,N,N/A,N,N/A,N/A,N/A,Y,CONSTRAINT_UQ_SCENARIO_VISION_REQUEST,N/A,N/A,N/A,Spring Backend / IoT·Robot 이벤트,Spring Backend 서비스,"Backend, Robot, Vision AI, MQTT",MAP-VISION-REQUEST-ID,간접,간접식별정보,Y,TBD,AI 단기 30일,"일반 귀가·수동 시나리오는 종료 후 기본 90일을 제안하고, 낙상·안전 기록은 확정된 별도 정책을 따른다. 사용자 삭제 시 설명·timeline의 개인정보를 제거하고 참조 보존 필요성을 심사한다. 프레임·얼굴·음성·세밀한 경로는 처음부터 저장하지 않는다. 단기 Vision 요청/지연 메타데이터는 30일 후 NULL 처리할 수 있지만 모델명·버전·최종 상태는 결과와 함께 유지한다.",Y,ACTIVE,0.3.0,0.3.0,N/A,S15P11E102-84,2026-07-23,원본 키/제약: 부분 UNIQUE
scenario.vision_started_at,시나리오·AIoT,시나리오,scenario,27,Vision 요청 시작,vision_started_at,Vision 요청 시작,"외부 이벤트 멱등성, 귀가·수동 상호작용·낙상 대응의 굵은 상태, 주행·Vision·복귀 최종 결과를 저장한다.에서 Vision 요청 시작을(를) 관리",Vision 요청 시작,timestamptz,N/A,UTC,46037,N/A,timestamptz,timestamptz,N/A,N/A,N/A,Y,N/A,N,애플리케이션 또는 사용자 입력,N,N/A,N,N/A,N/A,N/A,N,N/A,N/A,N/A,N/A,Spring Backend / IoT·Robot 이벤트,Spring Backend 서비스,"Backend, Robot, Vision AI, MQTT",N/A,N,N/A,N,N,AI 단기 30일,행/업무 정책에 따라 삭제,N,ACTIVE,0.3.0,0.3.0,N/A,S15P11E102-84,2026-07-23,원본에 별도 키·제약 없음
scenario.vision_completed_at,시나리오·AIoT,시나리오,scenario,28,Vision 결과 완료,vision_completed_at,Vision 결과 완료,"외부 이벤트 멱등성, 귀가·수동 상호작용·낙상 대응의 굵은 상태, 주행·Vision·복귀 최종 결과를 저장한다.에서 Vision 결과 완료을(를) 관리",Vision 결과 완료,timestamptz,N/A,UTC,46037,N/A,timestamptz,timestamptz,N/A,N/A,N/A,Y,N/A,N,애플리케이션 또는 사용자 입력,N,N/A,N,N/A,N/A,N/A,N,N/A,N/A,N/A,N/A,Spring Backend / IoT·Robot 이벤트,Spring Backend 서비스,"Backend, Robot, Vision AI, MQTT",N/A,N,N/A,N,N,AI 단기 30일,행/업무 정책에 따라 삭제,N,ACTIVE,0.3.0,0.3.0,N/A,S15P11E102-84,2026-07-23,원본에 별도 키·제약 없음
scenario.vision_latency_ms,시나리오·AIoT,시나리오,scenario,29,처리 지연,vision_latency_ms,처리 지연,"외부 이벤트 멱등성, 귀가·수동 상호작용·낙상 대응의 굵은 상태, 주행·Vision·복귀 최종 결과를 저장한다.에서 처리 지연을(를) 관리",처리 지연,integer,ms,N/A,0,N/A,integer,integer,N/A,N/A,N/A,Y,N/A,N,애플리케이션 또는 사용자 입력,N,N/A,N,N/A,N/A,N/A,N,CHK_SCENARIO_VISION_LATENCY_MS,N/A,N/A,N/A,Spring Backend / IoT·Robot 이벤트,Spring Backend 서비스,"Backend, Robot, Vision AI, MQTT",N/A,N,N/A,N,N,AI 단기 30일,행/업무 정책에 따라 삭제,N,ACTIVE,0.3.0,0.3.0,N/A,S15P11E102-84,2026-07-23,원본 키/제약: CHECK `>=0
scenario.return_status,시나리오·AIoT,시나리오,scenario,30,기본 위치 복귀/안전 정지 결과,return_status,기본 위치 복귀/안전 정지 결과,"외부 이벤트 멱등성, 귀가·수동 상호작용·낙상 대응의 굵은 상태, 주행·Vision·복귀 최종 결과를 저장한다.에서 기본 위치 복귀/안전 정지 결과을(를) 관리",기본 위치 복귀/안전 정지 결과,varchar(30),N/A,N/A,RETURN_STATUS,N/A,varchar,varchar(30),30,N/A,N/A,Y,N/A,N,애플리케이션 또는 사용자 입력,N,N/A,N,N/A,N/A,N/A,N,N/A,CODE_RETURN_STATUS,N/A,N/A,Spring Backend / IoT·Robot 이벤트,Spring Backend 서비스,"Backend, Robot, Vision AI, MQTT",N/A,간접,간접식별정보,Y,TBD,행과 동일,"일반 귀가·수동 시나리오는 종료 후 기본 90일을 제안하고, 낙상·안전 기록은 확정된 별도 정책을 따른다. 사용자 삭제 시 설명·timeline의 개인정보를 제거하고 참조 보존 필요성을 심사한다. 프레임·얼굴·음성·세밀한 경로는 처음부터 저장하지 않는다. 단기 Vision 요청/지연 메타데이터는 30일 후 NULL 처리할 수 있지만 모델명·버전·최종 상태는 결과와 함께 유지한다.",Y,ACTIVE,0.3.0,0.3.0,N/A,S15P11E102-84,2026-07-23,원본 키/제약: 서비스 허용값
scenario.return_destination,시나리오·AIoT,시나리오,scenario,31,복귀 waypoint 참조,return_destination,복귀 waypoint 참조,"외부 이벤트 멱등성, 귀가·수동 상호작용·낙상 대응의 굵은 상태, 주행·Vision·복귀 최종 결과를 저장한다.에서 복귀 waypoint 참조을(를) 관리",복귀 waypoint 참조,varchar(200),N/A,N/A,비식별 가상 값,N/A,varchar,varchar(200),200,N/A,N/A,Y,N/A,N,애플리케이션 또는 사용자 입력,N,N/A,N,N/A,N/A,N/A,N,N/A,N/A,N/A,N/A,Spring Backend / IoT·Robot 이벤트,Spring Backend 서비스,"Backend, Robot, Vision AI, MQTT",MAP-RETURN-DESTINATION,Y,개인정보 또는 건강·생활정보,Y,TBD,행과 동일,"일반 귀가·수동 시나리오는 종료 후 기본 90일을 제안하고, 낙상·안전 기록은 확정된 별도 정책을 따른다. 사용자 삭제 시 설명·timeline의 개인정보를 제거하고 참조 보존 필요성을 심사한다. 프레임·얼굴·음성·세밀한 경로는 처음부터 저장하지 않는다. 단기 Vision 요청/지연 메타데이터는 30일 후 NULL 처리할 수 있지만 모델명·버전·최종 상태는 결과와 함께 유지한다.",Y,ACTIVE,0.3.0,0.3.0,N/A,S15P11E102-84,2026-07-23,원본 키/제약: DEFAULT_POSITION`만 정책 허용
scenario.return_command_id,시나리오·AIoT,시나리오,scenario,32,복귀 명령 재발행 키 원문,return_command_id,복귀 명령 재발행 키 원문,"외부 이벤트 멱등성, 귀가·수동 상호작용·낙상 대응의 굵은 상태, 주행·Vision·복귀 최종 결과를 저장한다.에서 복귀 명령 재발행 키 원문을(를) 관리",복귀 명령 재발행 키 원문,varchar(64),N/A,N/A,RETURN_COMMAND_ID,N/A,varchar,varchar(64),64,N/A,N/A,Y,N/A,N,애플리케이션 또는 사용자 입력,N,N/A,N,N/A,N/A,N/A,Y,CONSTRAINT_UQ_SCENARIO_RETURN_COMMAND,N/A,N/A,N/A,Spring Backend / IoT·Robot 이벤트,Spring Backend 서비스,"Backend, Robot, Vision AI, MQTT",MAP-RETURN-COMMAND-ID,간접,간접식별정보,Y,TBD,행과 동일,"일반 귀가·수동 시나리오는 종료 후 기본 90일을 제안하고, 낙상·안전 기록은 확정된 별도 정책을 따른다. 사용자 삭제 시 설명·timeline의 개인정보를 제거하고 참조 보존 필요성을 심사한다. 프레임·얼굴·음성·세밀한 경로는 처음부터 저장하지 않는다. 단기 Vision 요청/지연 메타데이터는 30일 후 NULL 처리할 수 있지만 모델명·버전·최종 상태는 결과와 함께 유지한다.",Y,ACTIVE,0.3.0,0.3.0,N/A,S15P11E102-84,2026-07-23,원본 키/제약: 부분 UNIQUE 권장
scenario.failure_code,시나리오·AIoT,시나리오,scenario,33,전체 시나리오 실패 코드,failure_code,전체 시나리오 실패 코드,"외부 이벤트 멱등성, 귀가·수동 상호작용·낙상 대응의 굵은 상태, 주행·Vision·복귀 최종 결과를 저장한다.에서 전체 시나리오 실패 코드을(를) 관리",전체 시나리오 실패 코드,varchar(100),N/A,N/A,FAILURE_CODE,N/A,varchar,varchar(100),100,N/A,N/A,Y,N/A,N,애플리케이션 또는 사용자 입력,N,N/A,N,N/A,N/A,N/A,N,N/A,N/A,N/A,N/A,Spring Backend / IoT·Robot 이벤트,Spring Backend 서비스,"Backend, Robot, Vision AI, MQTT",N/A,N,N/A,N,N,행과 동일,행/업무 정책에 따라 삭제,N,ACTIVE,0.3.0,0.3.0,N/A,S15P11E102-84,2026-07-23,원본 키/제약: 표준 코드
scenario.failure_message,시나리오·AIoT,시나리오,scenario,34,운영용 짧은 실패 설명,failure_message,운영용 짧은 실패 설명,"외부 이벤트 멱등성, 귀가·수동 상호작용·낙상 대응의 굵은 상태, 주행·Vision·복귀 최종 결과를 저장한다.에서 운영용 짧은 실패 설명을(를) 관리",운영용 짧은 실패 설명,varchar(500),N/A,N/A,FAILURE_MESSAGE,N/A,varchar,varchar(500),500,N/A,N/A,Y,N/A,N,애플리케이션 또는 사용자 입력,N,N/A,N,N/A,N/A,N/A,N,N/A,N/A,N/A,N/A,Spring Backend / IoT·Robot 이벤트,Spring Backend 서비스,"Backend, Robot, Vision AI, MQTT",N/A,간접,간접식별정보,Y,TBD,일반 90일/안전 정책,"일반 귀가·수동 시나리오는 종료 후 기본 90일을 제안하고, 낙상·안전 기록은 확정된 별도 정책을 따른다. 사용자 삭제 시 설명·timeline의 개인정보를 제거하고 참조 보존 필요성을 심사한다. 프레임·얼굴·음성·세밀한 경로는 처음부터 저장하지 않는다. 단기 Vision 요청/지연 메타데이터는 30일 후 NULL 처리할 수 있지만 모델명·버전·최종 상태는 결과와 함께 유지한다.",Y,ACTIVE,0.3.0,0.3.0,N/A,S15P11E102-84,2026-07-23,원본 키/제약: 민감본문 금지
scenario.timeline,시나리오·AIoT,시나리오,scenario,35,주요 단계만 담는 작은 타임라인,timeline,주요 단계만 담는 작은 타임라인,"외부 이벤트 멱등성, 귀가·수동 상호작용·낙상 대응의 굵은 상태, 주행·Vision·복귀 최종 결과를 저장한다.에서 주요 단계만 담는 작은 타임라인을(를) 관리",주요 단계만 담는 작은 타임라인,JSON object; 구조 ID 참조,N/A,N/A,구조 ID 참조,N/A,jsonb,jsonb,N/A,N/A,N/A,N,"{""schemaVersion"":1,""events"":[]}",N,애플리케이션 또는 사용자 입력,N,N/A,N,N/A,N/A,N/A,N,CHK_SCENARIO_TIMELINE,N/A,JSON_SCENARIO_TIMELINE_V1,N/A,Spring Backend / IoT·Robot 이벤트,Spring Backend 서비스,"Backend, Robot, Vision AI, MQTT",MAP-VISION-CALLBACK-EVENT-ID,Y,개인정보 또는 건강·생활정보,Y,TBD,행과 동일,"일반 귀가·수동 시나리오는 종료 후 기본 90일을 제안하고, 낙상·안전 기록은 확정된 별도 정책을 따른다. 사용자 삭제 시 설명·timeline의 개인정보를 제거하고 참조 보존 필요성을 심사한다. 프레임·얼굴·음성·세밀한 경로는 처음부터 저장하지 않는다. 단기 Vision 요청/지연 메타데이터는 30일 후 NULL 처리할 수 있지만 모델명·버전·최종 상태는 결과와 함께 유지한다.",Y,ACTIVE,0.3.0,0.3.0,N/A,S15P11E102-84,2026-07-23,원본 키/제약: JSON object CHECK
scenario.schema_version,시나리오·AIoT,시나리오,scenario,36,구조 스키마 버전,schema_version,timeline 구조 버전,"외부 이벤트 멱등성, 귀가·수동 상호작용·낙상 대응의 굵은 상태, 주행·Vision·복귀 최종 결과를 저장한다.에서 timeline 구조 버전을(를) 관리",timeline 구조 버전,smallint,N/A,N/A,0,N/A,smallint,smallint,N/A,N/A,N/A,N,1,N,애플리케이션 또는 사용자 입력,N,N/A,N,N/A,N/A,N/A,N,CHK_SCENARIO_SCHEMA_VERSION,N/A,N/A,N/A,Spring Backend / IoT·Robot 이벤트,Spring Backend 서비스,"Backend, Robot, Vision AI, MQTT",N/A,N,N/A,N,N,행과 동일,행/업무 정책에 따라 삭제,N,ACTIVE,0.3.0,0.3.0,N/A,S15P11E102-84,2026-07-23,원본 키/제약: CHECK `>0
scenario.version,시나리오·AIoT,시나리오,scenario,37,낙관적 잠금 버전,version,낙관적 잠금 버전,"외부 이벤트 멱등성, 귀가·수동 상호작용·낙상 대응의 굵은 상태, 주행·Vision·복귀 최종 결과를 저장한다.에서 낙관적 잠금 버전을(를) 관리",낙관적 잠금 버전,bigint,N/A,N/A,0,RULE_TERMINAL_STATE,bigint,bigint,N/A,N/A,N/A,N,0,N,애플리케이션 또는 사용자 입력,N,N/A,N,N/A,N/A,N/A,N,CHK_SCENARIO_VERSION,N/A,N/A,N/A,Spring Backend / IoT·Robot 이벤트,Spring Backend 서비스,"Backend, Robot, Vision AI, MQTT",N/A,N,N/A,N,N,행과 동일,행/업무 정책에 따라 삭제,N,ACTIVE,0.3.0,0.3.0,N/A,S15P11E102-84,2026-07-23,"원본 키/제약: CHECK `>=0`, JPA `@Version"
scenario.created_at,시나리오·AIoT,시나리오,scenario,38,생성 시각,created_at,행 생성 시각,"외부 이벤트 멱등성, 귀가·수동 상호작용·낙상 대응의 굵은 상태, 주행·Vision·복귀 최종 결과를 저장한다.에서 행 생성 시각을(를) 관리",행 생성 시각,timestamptz,N/A,UTC,46037,N/A,timestamptz,timestamptz,N/A,N/A,N/A,N,now(),Y,PostgreSQL DEFAULT,N,N/A,N,N/A,N/A,N/A,N,N/A,N/A,N/A,N/A,Spring Backend / IoT·Robot 이벤트,Spring Backend 서비스,"Backend, Robot, Vision AI, MQTT",N/A,N,N/A,N,N,행과 동일,행/업무 정책에 따라 삭제,N,ACTIVE,0.3.0,0.3.0,N/A,S15P11E102-84,2026-07-23,원본에 별도 키·제약 없음
scenario.updated_at,시나리오·AIoT,시나리오,scenario,39,최종 수정 시각,updated_at,최종 갱신 시각,"외부 이벤트 멱등성, 귀가·수동 상호작용·낙상 대응의 굵은 상태, 주행·Vision·복귀 최종 결과를 저장한다.에서 최종 갱신 시각을(를) 관리",최종 갱신 시각,timestamptz,N/A,UTC,46037,N/A,timestamptz,timestamptz,N/A,N/A,N/A,N,now(),Y,PostgreSQL DEFAULT,N,N/A,N,N/A,N/A,N/A,N,N/A,N/A,N/A,N/A,Spring Backend / IoT·Robot 이벤트,Spring Backend 서비스,"Backend, Robot, Vision AI, MQTT",N/A,N,N/A,N,N,행과 동일,행/업무 정책에 따라 삭제,N,ACTIVE,0.3.0,0.3.0,N/A,S15P11E102-84,2026-07-23,원본 키/제약: 서비스가 갱신
conversation.id,대화·생성 AI,대화,conversation,1,내부 식별자,id,대화 세션 ID,"한 대화 세션의 최근 텍스트 메시지, 롤링 요약, 보존 기한과 대표 생성 메타데이터를 관리한다.에서 대화 세션 ID을(를) 관리",대화 세션 ID,uuid,N/A,N/A,00000000-0000-4000-8000-000000000001,N/A,uuid,uuid,N/A,N/A,N/A,N,gen_random_uuid(),Y,PostgreSQL DEFAULT,Y,1,N,N/A,N/A,N/A,N,N/A,N/A,N/A,N/A,Spring Backend / Robot·Voice AI,Spring Backend 서비스,"Backend, Voice AI, Robot",N/A,간접,간접식별정보,Y,TBD,요약 정책,"보존 만료 작업은 `messages='{""schemaVersion"":1,""items"":[]}'`, `context_turn_count=0`, `raw_messages_purged_at=now()`로 본문만 제거하고 요약과 세션 ID는 유지할 수 있다. 명시적 삭제 요청이면 요약도 민감정보 잔존 여부를 검사하고, 이 대화에서 자동 추출된 미확정 기억과 임베딩을 함께 제거한다. 확인된 독립 기억은 사용자에게 처리 선택을 받아야 한다. 원본 음성은 저장하지 않는다.",Y,ACTIVE,0.3.0,0.3.0,N/A,S15P11E102-84,2026-07-23,원본 키/제약: PK
conversation.senior_id,대화·생성 AI,대화,conversation,2,대상 어르신 ID,senior_id,대화 당사자,"한 대화 세션의 최근 텍스트 메시지, 롤링 요약, 보존 기한과 대표 생성 메타데이터를 관리한다.에서 대화 당사자을(를) 관리",대화 당사자,uuid,N/A,N/A,00000000-0000-4000-8000-000000000001,RULE_CONVERSATION_SENIOR_MATCH,uuid,uuid,N/A,N/A,N/A,N,N/A,N,애플리케이션 또는 사용자 입력,N,N/A,Y,FK_CONVERSATION_SENIOR_ID,app_user,id,N,N/A,N/A,N/A,N/A,Spring Backend / Robot·Voice AI,Spring Backend 서비스,"Backend, Voice AI, Robot",N/A,Y,개인정보 또는 건강·생활정보,Y,TBD,행과 동일,"보존 만료 작업은 `messages='{""schemaVersion"":1,""items"":[]}'`, `context_turn_count=0`, `raw_messages_purged_at=now()`로 본문만 제거하고 요약과 세션 ID는 유지할 수 있다. 명시적 삭제 요청이면 요약도 민감정보 잔존 여부를 검사하고, 이 대화에서 자동 추출된 미확정 기억과 임베딩을 함께 제거한다. 확인된 독립 기억은 사용자에게 처리 선택을 받아야 한다. 원본 음성은 저장하지 않는다.",Y,ACTIVE,0.3.0,0.3.0,N/A,S15P11E102-84,2026-07-23,원본 키/제약: FK→`app_user.id
conversation.scenario_id,대화·생성 AI,대화,conversation,3,연계 시나리오 ID,scenario_id,시작 시나리오; 능동 대화면 NULL 가능,"한 대화 세션의 최근 텍스트 메시지, 롤링 요약, 보존 기한과 대표 생성 메타데이터를 관리한다.에서 시작 시나리오; 능동 대화면 NULL 가능을(를) 관리",시작 시나리오; 능동 대화면 NULL 가능,uuid,N/A,N/A,00000000-0000-4000-8000-000000000001,RULE_CONVERSATION_SENIOR_MATCH,uuid,uuid,N/A,N/A,N/A,Y,N/A,N,애플리케이션 또는 사용자 입력,N,N/A,Y,FK_CONVERSATION_SCENARIO_ID,scenario,id,Y,CONSTRAINT_UQ_CONVERSATION_SCENARIO,N/A,N/A,N/A,Spring Backend / Robot·Voice AI,Spring Backend 서비스,"Backend, Voice AI, Robot",MAP-VOICE-SCENARIO-ID,간접,간접식별정보,Y,TBD,행과 동일,"보존 만료 작업은 `messages='{""schemaVersion"":1,""items"":[]}'`, `context_turn_count=0`, `raw_messages_purged_at=now()`로 본문만 제거하고 요약과 세션 ID는 유지할 수 있다. 명시적 삭제 요청이면 요약도 민감정보 잔존 여부를 검사하고, 이 대화에서 자동 추출된 미확정 기억과 임베딩을 함께 제거한다. 확인된 독립 기억은 사용자에게 처리 선택을 받아야 한다. 원본 음성은 저장하지 않는다.",Y,ACTIVE,0.3.0,0.3.0,N/A,S15P11E102-84,2026-07-23,"원본 키/제약: FK→`scenario.id`, 부분 UNIQUE"
conversation.status,대화·생성 AI,대화,conversation,4,업무 상태,status,대화 상태,"한 대화 세션의 최근 텍스트 메시지, 롤링 요약, 보존 기한과 대표 생성 메타데이터를 관리한다.에서 대화 상태을(를) 관리",대화 상태,varchar(30),N/A,N/A,STATUS,N/A,varchar,varchar(30),30,N/A,N/A,N,OPEN,N,애플리케이션 또는 사용자 입력,N,N/A,N,N/A,N/A,N/A,N,CHK_CONVERSATION_STATUS,CODE_CONVERSATION_STATUS,N/A,N/A,Spring Backend / Robot·Voice AI,Spring Backend 서비스,"Backend, Voice AI, Robot",N/A,간접,간접식별정보,Y,TBD,행과 동일,"보존 만료 작업은 `messages='{""schemaVersion"":1,""items"":[]}'`, `context_turn_count=0`, `raw_messages_purged_at=now()`로 본문만 제거하고 요약과 세션 ID는 유지할 수 있다. 명시적 삭제 요청이면 요약도 민감정보 잔존 여부를 검사하고, 이 대화에서 자동 추출된 미확정 기억과 임베딩을 함께 제거한다. 확인된 독립 기억은 사용자에게 처리 선택을 받아야 한다. 원본 음성은 저장하지 않는다.",Y,ACTIVE,0.3.0,0.3.0,N/A,S15P11E102-84,2026-07-23,"원본 키/제약: CHECK `OPEN, COMPLETED, FAILED, CANCELLED"
conversation.started_at,대화·생성 AI,대화,conversation,5,처리 시작 시각,started_at,대화 시작,"한 대화 세션의 최근 텍스트 메시지, 롤링 요약, 보존 기한과 대표 생성 메타데이터를 관리한다.에서 대화 시작을(를) 관리",대화 시작,timestamptz,N/A,UTC,46037,N/A,timestamptz,timestamptz,N/A,N/A,N/A,N,now(),Y,PostgreSQL DEFAULT,N,N/A,N,N/A,N/A,N/A,N,N/A,N/A,N/A,N/A,Spring Backend / Robot·Voice AI,Spring Backend 서비스,"Backend, Voice AI, Robot",N/A,N,N/A,N,N,행과 동일,행/업무 정책에 따라 삭제,N,ACTIVE,0.3.0,0.3.0,N/A,S15P11E102-84,2026-07-23,원본에 별도 키·제약 없음
conversation.ended_at,대화·생성 AI,대화,conversation,6,종료 시각,ended_at,대화 종료,"한 대화 세션의 최근 텍스트 메시지, 롤링 요약, 보존 기한과 대표 생성 메타데이터를 관리한다.에서 대화 종료을(를) 관리",대화 종료,timestamptz,N/A,UTC,46037,N/A,timestamptz,timestamptz,N/A,N/A,N/A,Y,N/A,N,애플리케이션 또는 사용자 입력,N,N/A,N,N/A,N/A,N/A,N,N/A,N/A,N/A,N/A,Spring Backend / Robot·Voice AI,Spring Backend 서비스,"Backend, Voice AI, Robot",N/A,N,N/A,N,N,행과 동일,행/업무 정책에 따라 삭제,N,ACTIVE,0.3.0,0.3.0,N/A,S15P11E102-84,2026-07-23,원본 키/제약: 종료 상태면 필수
conversation.messages,대화·생성 AI,대화,conversation,7,최근 텍스트 메시지와 논리 messageId,messages,최근 텍스트 메시지와 논리 messageId,"한 대화 세션의 최근 텍스트 메시지, 롤링 요약, 보존 기한과 대표 생성 메타데이터를 관리한다.에서 최근 텍스트 메시지와 논리 messageId을(를) 관리",최근 텍스트 메시지와 논리 messageId,JSON object; 구조 ID 참조,N/A,N/A,구조 ID 참조,N/A,jsonb,jsonb,N/A,N/A,N/A,N,"{""schemaVersion"":1,""items"":[]}",N,애플리케이션 또는 사용자 입력,N,N/A,N,N/A,N/A,N/A,N,CHK_CONVERSATION_MESSAGES,N/A,JSON_CONVERSATION_MESSAGES_V1,N/A,Spring Backend / Robot·Voice AI,Spring Backend 서비스,"Backend, Voice AI, Robot","MAP-VOICE-TEXT, MAP-SPEAK-COMMAND-ID",Y,개인정보 또는 건강·생활정보,Y,TBD,원문 7일,"보존 만료 작업은 `messages='{""schemaVersion"":1,""items"":[]}'`, `context_turn_count=0`, `raw_messages_purged_at=now()`로 본문만 제거하고 요약과 세션 ID는 유지할 수 있다. 명시적 삭제 요청이면 요약도 민감정보 잔존 여부를 검사하고, 이 대화에서 자동 추출된 미확정 기억과 임베딩을 함께 제거한다. 확인된 독립 기억은 사용자에게 처리 선택을 받아야 한다. 원본 음성은 저장하지 않는다.",Y,ACTIVE,0.3.0,0.3.0,N/A,S15P11E102-84,2026-07-23,원본 키/제약: JSON object CHECK
conversation.message_count,대화·생성 AI,대화,conversation,8,세션 누적 메시지 수,message_count,세션 누적 메시지 수,"한 대화 세션의 최근 텍스트 메시지, 롤링 요약, 보존 기한과 대표 생성 메타데이터를 관리한다.에서 세션 누적 메시지 수을(를) 관리",세션 누적 메시지 수,integer,N/A,N/A,0,N/A,integer,integer,N/A,N/A,N/A,N,0,N,애플리케이션 또는 사용자 입력,N,N/A,N,N/A,N/A,N/A,N,CHK_CONVERSATION_MESSAGE_COUNT,N/A,N/A,N/A,Spring Backend / Robot·Voice AI,Spring Backend 서비스,"Backend, Voice AI, Robot",N/A,N,N/A,N,N,행과 동일,행/업무 정책에 따라 삭제,N,ACTIVE,0.3.0,0.3.0,N/A,S15P11E102-84,2026-07-23,원본 키/제약: CHECK `>=0
conversation.context_turn_count,대화·생성 AI,대화,conversation,9,현재 프롬프트 문맥에 포함된 턴 수,context_turn_count,현재 프롬프트 문맥에 포함된 턴 수,"한 대화 세션의 최근 텍스트 메시지, 롤링 요약, 보존 기한과 대표 생성 메타데이터를 관리한다.에서 현재 프롬프트 문맥에 포함된 턴 수을(를) 관리",현재 프롬프트 문맥에 포함된 턴 수,smallint,N/A,N/A,0,N/A,smallint,smallint,N/A,N/A,N/A,N,0,N,애플리케이션 또는 사용자 입력,N,N/A,N,N/A,N/A,N/A,N,CHK_CONVERSATION_CONTEXT_TURN_COUNT,N/A,N/A,N/A,Spring Backend / Robot·Voice AI,Spring Backend 서비스,"Backend, Voice AI, Robot",N/A,N,N/A,N,N,원문/행과 동일,행/업무 정책에 따라 삭제,N,ACTIVE,0.3.0,0.3.0,N/A,S15P11E102-84,2026-07-23,원본 키/제약: CHECK 0~12
conversation.summary,대화·생성 AI,대화,conversation,10,롤링/최종 요약,summary,롤링/최종 요약; 최소 정보 원칙,"한 대화 세션의 최근 텍스트 메시지, 롤링 요약, 보존 기한과 대표 생성 메타데이터를 관리한다.에서 롤링/최종 요약; 최소 정보 원칙을(를) 관리",롤링/최종 요약; 최소 정보 원칙,text,N/A,N/A,비식별 가상 값,N/A,text,text,N/A,N/A,N/A,Y,N/A,N,애플리케이션 또는 사용자 입력,N,N/A,N,N/A,N/A,N/A,N,N/A,N/A,N/A,N/A,Spring Backend / Robot·Voice AI,Spring Backend 서비스,"Backend, Voice AI, Robot",N/A,Y,개인정보 또는 건강·생활정보,Y,TBD,요약 정책/삭제 요청 검토,"보존 만료 작업은 `messages='{""schemaVersion"":1,""items"":[]}'`, `context_turn_count=0`, `raw_messages_purged_at=now()`로 본문만 제거하고 요약과 세션 ID는 유지할 수 있다. 명시적 삭제 요청이면 요약도 민감정보 잔존 여부를 검사하고, 이 대화에서 자동 추출된 미확정 기억과 임베딩을 함께 제거한다. 확인된 독립 기억은 사용자에게 처리 선택을 받아야 한다. 원본 음성은 저장하지 않는다.",Y,ACTIVE,0.3.0,0.3.0,N/A,S15P11E102-84,2026-07-23,원본에 별도 키·제약 없음
conversation.raw_messages_expires_at,대화·생성 AI,대화,conversation,11,원문 제거 예정 시각,raw_messages_expires_at,원문 제거 예정 시각,"한 대화 세션의 최근 텍스트 메시지, 롤링 요약, 보존 기한과 대표 생성 메타데이터를 관리한다.에서 원문 제거 예정 시각을(를) 관리",원문 제거 예정 시각,timestamptz,N/A,UTC,46037,N/A,timestamptz,timestamptz,N/A,N/A,N/A,N,애플리케이션이 시작+7일,N,애플리케이션 또는 사용자 입력,N,N/A,N,N/A,N/A,N/A,N,N/A,N/A,N/A,N/A,Spring Backend / Robot·Voice AI,Spring Backend 서비스,"Backend, Voice AI, Robot",N/A,N,N/A,N,N,행과 동일,행/업무 정책에 따라 삭제,N,ACTIVE,0.3.0,0.3.0,N/A,S15P11E102-84,2026-07-23,원본 키/제약: >= started_at
conversation.raw_messages_purged_at,대화·생성 AI,대화,conversation,12,원문이 실제 제거된 시각,raw_messages_purged_at,원문이 실제 제거된 시각,"한 대화 세션의 최근 텍스트 메시지, 롤링 요약, 보존 기한과 대표 생성 메타데이터를 관리한다.에서 원문이 실제 제거된 시각을(를) 관리",원문이 실제 제거된 시각,timestamptz,N/A,UTC,46037,N/A,timestamptz,timestamptz,N/A,N/A,N/A,Y,N/A,N,애플리케이션 또는 사용자 입력,N,N/A,N,N/A,N/A,N/A,N,N/A,N/A,N/A,N/A,Spring Backend / Robot·Voice AI,Spring Backend 서비스,"Backend, Voice AI, Robot",N/A,N,N/A,N,N,행과 동일,행/업무 정책에 따라 삭제,N,ACTIVE,0.3.0,0.3.0,N/A,S15P11E102-84,2026-07-23,원본에 별도 키·제약 없음
conversation.execution_location,대화·생성 AI,대화,conversation,13,대표 생성 실행 위치,execution_location,대표 생성 실행 위치,"한 대화 세션의 최근 텍스트 메시지, 롤링 요약, 보존 기한과 대표 생성 메타데이터를 관리한다.에서 대표 생성 실행 위치을(를) 관리",대표 생성 실행 위치,varchar(10),N/A,N/A,EXECUTION_LOCATION,N/A,varchar,varchar(10),10,N/A,N/A,N,N/A,N,애플리케이션 또는 사용자 입력,N,N/A,N,N/A,N/A,N/A,N,CHK_CONVERSATION_EXECUTION_LOCATION,CODE_EXECUTION_LOCATION,N/A,N/A,Spring Backend / Robot·Voice AI,Spring Backend 서비스,"Backend, Voice AI, Robot",N/A,간접,간접식별정보,Y,TBD,행과 동일,"보존 만료 작업은 `messages='{""schemaVersion"":1,""items"":[]}'`, `context_turn_count=0`, `raw_messages_purged_at=now()`로 본문만 제거하고 요약과 세션 ID는 유지할 수 있다. 명시적 삭제 요청이면 요약도 민감정보 잔존 여부를 검사하고, 이 대화에서 자동 추출된 미확정 기억과 임베딩을 함께 제거한다. 확인된 독립 기억은 사용자에게 처리 선택을 받아야 한다. 원본 음성은 저장하지 않는다.",Y,ACTIVE,0.3.0,0.3.0,N/A,S15P11E102-84,2026-07-23,"원본 키/제약: CHECK `LOCAL, CLOUD"
conversation.model_name,대화·생성 AI,대화,conversation,14,대표/최종 요약 생성 모델명,model_name,대표/최종 요약 생성 모델명,"한 대화 세션의 최근 텍스트 메시지, 롤링 요약, 보존 기한과 대표 생성 메타데이터를 관리한다.에서 대표/최종 요약 생성 모델명을(를) 관리",대표/최종 요약 생성 모델명,varchar(200),N/A,N/A,MODEL_NAME,N/A,varchar,varchar(200),200,N/A,N/A,Y,N/A,N,애플리케이션 또는 사용자 입력,N,N/A,N,N/A,N/A,N/A,N,N/A,N/A,N/A,N/A,Spring Backend / Robot·Voice AI,Spring Backend 서비스,"Backend, Voice AI, Robot",N/A,N,N/A,N,N,행과 동일,행/업무 정책에 따라 삭제,N,ACTIVE,0.3.0,0.3.0,N/A,S15P11E102-84,2026-07-23,원본에 별도 키·제약 없음
conversation.model_version,대화·생성 AI,대화,conversation,15,모델 버전,model_version,모델 버전,"한 대화 세션의 최근 텍스트 메시지, 롤링 요약, 보존 기한과 대표 생성 메타데이터를 관리한다.에서 모델 버전을(를) 관리",모델 버전,varchar(100),N/A,N/A,MODEL_VERSION,N/A,varchar,varchar(100),100,N/A,N/A,Y,N/A,N,애플리케이션 또는 사용자 입력,N,N/A,N,N/A,N/A,N/A,N,N/A,N/A,N/A,N/A,Spring Backend / Robot·Voice AI,Spring Backend 서비스,"Backend, Voice AI, Robot",N/A,N,N/A,N,N,행과 동일,행/업무 정책에 따라 삭제,N,ACTIVE,0.3.0,0.3.0,N/A,S15P11E102-84,2026-07-23,원본에 별도 키·제약 없음
conversation.prompt_template_version,대화·생성 AI,대화,conversation,16,템플릿 버전,prompt_template_version,템플릿 버전; 프롬프트 본문 아님,"한 대화 세션의 최근 텍스트 메시지, 롤링 요약, 보존 기한과 대표 생성 메타데이터를 관리한다.에서 템플릿 버전; 프롬프트 본문 아님을(를) 관리",템플릿 버전; 프롬프트 본문 아님,varchar(100),N/A,N/A,PROMPT_TEMPLATE_VERSION,N/A,varchar,varchar(100),100,N/A,N/A,Y,N/A,N,애플리케이션 또는 사용자 입력,N,N/A,N,N/A,N/A,N/A,N,N/A,N/A,N/A,N/A,Spring Backend / Robot·Voice AI,Spring Backend 서비스,"Backend, Voice AI, Robot",N/A,N,N/A,N,N,행과 동일,행/업무 정책에 따라 삭제,N,ACTIVE,0.3.0,0.3.0,N/A,S15P11E102-84,2026-07-23,원본에 별도 키·제약 없음
conversation.generation_request_id,대화·생성 AI,대화,conversation,17,대표 생성/요약 요청 추적 ID 원문,generation_request_id,대표 생성/요약 요청 추적 ID 원문,"한 대화 세션의 최근 텍스트 메시지, 롤링 요약, 보존 기한과 대표 생성 메타데이터를 관리한다.에서 대표 생성/요약 요청 추적 ID 원문을(를) 관리",대표 생성/요약 요청 추적 ID 원문,varchar(64),N/A,N/A,GENERATION_REQUEST_ID,N/A,varchar,varchar(64),64,N/A,N/A,Y,N/A,N,애플리케이션 또는 사용자 입력,N,N/A,N,N/A,N/A,N/A,Y,N/A,N/A,N/A,N/A,Spring Backend / Robot·Voice AI,Spring Backend 서비스,"Backend, Voice AI, Robot",MAP-VOICE-REQUEST-ID,간접,간접식별정보,Y,TBD,AI 단기 30일,"보존 만료 작업은 `messages='{""schemaVersion"":1,""items"":[]}'`, `context_turn_count=0`, `raw_messages_purged_at=now()`로 본문만 제거하고 요약과 세션 ID는 유지할 수 있다. 명시적 삭제 요청이면 요약도 민감정보 잔존 여부를 검사하고, 이 대화에서 자동 추출된 미확정 기억과 임베딩을 함께 제거한다. 확인된 독립 기억은 사용자에게 처리 선택을 받아야 한다. 원본 음성은 저장하지 않는다.",Y,ACTIVE,0.3.0,0.3.0,N/A,S15P11E102-84,2026-07-23,원본 키/제약: 부분 UNIQUE
conversation.generation_started_at,대화·생성 AI,대화,conversation,18,대표 생성 시작,generation_started_at,대표 생성 시작,"한 대화 세션의 최근 텍스트 메시지, 롤링 요약, 보존 기한과 대표 생성 메타데이터를 관리한다.에서 대표 생성 시작을(를) 관리",대표 생성 시작,timestamptz,N/A,UTC,46037,N/A,timestamptz,timestamptz,N/A,N/A,N/A,Y,N/A,N,애플리케이션 또는 사용자 입력,N,N/A,N,N/A,N/A,N/A,N,N/A,N/A,N/A,N/A,Spring Backend / Robot·Voice AI,Spring Backend 서비스,"Backend, Voice AI, Robot",N/A,N,N/A,N,N,AI 단기 30일,행/업무 정책에 따라 삭제,N,ACTIVE,0.3.0,0.3.0,N/A,S15P11E102-84,2026-07-23,원본에 별도 키·제약 없음
conversation.generation_completed_at,대화·생성 AI,대화,conversation,19,대표 생성 완료,generation_completed_at,대표 생성 완료,"한 대화 세션의 최근 텍스트 메시지, 롤링 요약, 보존 기한과 대표 생성 메타데이터를 관리한다.에서 대표 생성 완료을(를) 관리",대표 생성 완료,timestamptz,N/A,UTC,46037,N/A,timestamptz,timestamptz,N/A,N/A,N/A,Y,N/A,N,애플리케이션 또는 사용자 입력,N,N/A,N,N/A,N/A,N/A,N,N/A,N/A,N/A,N/A,Spring Backend / Robot·Voice AI,Spring Backend 서비스,"Backend, Voice AI, Robot",MAP-VOICE-GENERATED-AT,N,N/A,N,N,AI 단기 30일,행/업무 정책에 따라 삭제,N,ACTIVE,0.3.0,0.3.0,N/A,S15P11E102-84,2026-07-23,원본에 별도 키·제약 없음
conversation.generation_latency_ms,대화·생성 AI,대화,conversation,20,대표 생성 지연,generation_latency_ms,대표 생성 지연,"한 대화 세션의 최근 텍스트 메시지, 롤링 요약, 보존 기한과 대표 생성 메타데이터를 관리한다.에서 대표 생성 지연을(를) 관리",대표 생성 지연,integer,ms,N/A,0,N/A,integer,integer,N/A,N/A,N/A,Y,N/A,N,애플리케이션 또는 사용자 입력,N,N/A,N,N/A,N/A,N/A,N,CHK_CONVERSATION_GENERATION_LATENCY_MS,N/A,N/A,N/A,Spring Backend / Robot·Voice AI,Spring Backend 서비스,"Backend, Voice AI, Robot",N/A,N,N/A,N,N,AI 단기 30일,행/업무 정책에 따라 삭제,N,ACTIVE,0.3.0,0.3.0,N/A,S15P11E102-84,2026-07-23,원본 키/제약: CHECK `>=0
conversation.fallback_used,대화·생성 AI,대화,conversation,21,로컬/고정 문구 대체 사용 여부,fallback_used,로컬/고정 문구 대체 사용 여부,"한 대화 세션의 최근 텍스트 메시지, 롤링 요약, 보존 기한과 대표 생성 메타데이터를 관리한다.에서 로컬/고정 문구 대체 사용 여부을(를) 관리",로컬/고정 문구 대체 사용 여부,boolean,N/A,N/A,false,N/A,boolean,boolean,N/A,N/A,N/A,N,false,N,애플리케이션 또는 사용자 입력,N,N/A,N,N/A,N/A,N/A,N,N/A,N/A,N/A,N/A,Spring Backend / Robot·Voice AI,Spring Backend 서비스,"Backend, Voice AI, Robot",N/A,N,N/A,N,N,행과 동일,행/업무 정책에 따라 삭제,N,ACTIVE,0.3.0,0.3.0,N/A,S15P11E102-84,2026-07-23,원본에 별도 키·제약 없음
conversation.generation_status,대화·생성 AI,대화,conversation,22,최종 생성 성공·실패,generation_status,최종 생성 성공·실패,"한 대화 세션의 최근 텍스트 메시지, 롤링 요약, 보존 기한과 대표 생성 메타데이터를 관리한다.에서 최종 생성 성공·실패을(를) 관리",최종 생성 성공·실패,varchar(30),N/A,N/A,GENERATION_STATUS,N/A,varchar,varchar(30),30,N/A,N/A,N,NOT_STARTED,N,애플리케이션 또는 사용자 입력,N,N/A,N,N/A,N/A,N/A,N,N/A,CODE_GENERATION_STATUS,N/A,N/A,Spring Backend / Robot·Voice AI,Spring Backend 서비스,"Backend, Voice AI, Robot",N/A,간접,간접식별정보,Y,TBD,행과 동일,"보존 만료 작업은 `messages='{""schemaVersion"":1,""items"":[]}'`, `context_turn_count=0`, `raw_messages_purged_at=now()`로 본문만 제거하고 요약과 세션 ID는 유지할 수 있다. 명시적 삭제 요청이면 요약도 민감정보 잔존 여부를 검사하고, 이 대화에서 자동 추출된 미확정 기억과 임베딩을 함께 제거한다. 확인된 독립 기억은 사용자에게 처리 선택을 받아야 한다. 원본 음성은 저장하지 않는다.",Y,ACTIVE,0.3.0,0.3.0,N/A,S15P11E102-84,2026-07-23,원본 키/제약: 서비스 허용값
conversation.failure_code,대화·생성 AI,대화,conversation,23,생성 실패 코드,failure_code,생성 실패 코드,"한 대화 세션의 최근 텍스트 메시지, 롤링 요약, 보존 기한과 대표 생성 메타데이터를 관리한다.에서 생성 실패 코드을(를) 관리",생성 실패 코드,varchar(100),N/A,N/A,FAILURE_CODE,N/A,varchar,varchar(100),100,N/A,N/A,Y,N/A,N,애플리케이션 또는 사용자 입력,N,N/A,N,N/A,N/A,N/A,N,N/A,N/A,N/A,N/A,Spring Backend / Robot·Voice AI,Spring Backend 서비스,"Backend, Voice AI, Robot",N/A,N,N/A,N,N,일반 90일,행/업무 정책에 따라 삭제,N,ACTIVE,0.3.0,0.3.0,N/A,S15P11E102-84,2026-07-23,원본 키/제약: 표준 코드
conversation.schema_version,대화·생성 AI,대화,conversation,24,구조 스키마 버전,schema_version,messages 구조 버전,"한 대화 세션의 최근 텍스트 메시지, 롤링 요약, 보존 기한과 대표 생성 메타데이터를 관리한다.에서 messages 구조 버전을(를) 관리",messages 구조 버전,smallint,N/A,N/A,0,N/A,smallint,smallint,N/A,N/A,N/A,N,1,N,애플리케이션 또는 사용자 입력,N,N/A,N,N/A,N/A,N/A,N,CHK_CONVERSATION_SCHEMA_VERSION,N/A,N/A,N/A,Spring Backend / Robot·Voice AI,Spring Backend 서비스,"Backend, Voice AI, Robot",N/A,N,N/A,N,N,행과 동일,행/업무 정책에 따라 삭제,N,ACTIVE,0.3.0,0.3.0,N/A,S15P11E102-84,2026-07-23,원본 키/제약: CHECK `>0
conversation.version,대화·생성 AI,대화,conversation,25,낙관적 잠금 버전,version,동시 메시지/요약 갱신 방지,"한 대화 세션의 최근 텍스트 메시지, 롤링 요약, 보존 기한과 대표 생성 메타데이터를 관리한다.에서 동시 메시지/요약 갱신 방지을(를) 관리",동시 메시지/요약 갱신 방지,bigint,N/A,N/A,0,N/A,bigint,bigint,N/A,N/A,N/A,N,0,N,애플리케이션 또는 사용자 입력,N,N/A,N,N/A,N/A,N/A,N,N/A,N/A,N/A,N/A,Spring Backend / Robot·Voice AI,Spring Backend 서비스,"Backend, Voice AI, Robot",N/A,N,N/A,N,N,행과 동일,행/업무 정책에 따라 삭제,N,ACTIVE,0.3.0,0.3.0,N/A,S15P11E102-84,2026-07-23,원본 키/제약: JPA `@Version
conversation.created_at,대화·생성 AI,대화,conversation,26,생성 시각,created_at,행 생성,"한 대화 세션의 최근 텍스트 메시지, 롤링 요약, 보존 기한과 대표 생성 메타데이터를 관리한다.에서 행 생성을(를) 관리",행 생성,timestamptz,N/A,UTC,46037,N/A,timestamptz,timestamptz,N/A,N/A,N/A,N,now(),Y,PostgreSQL DEFAULT,N,N/A,N,N/A,N/A,N/A,N,N/A,N/A,N/A,N/A,Spring Backend / Robot·Voice AI,Spring Backend 서비스,"Backend, Voice AI, Robot",N/A,N,N/A,N,N,행과 동일,행/업무 정책에 따라 삭제,N,ACTIVE,0.3.0,0.3.0,N/A,S15P11E102-84,2026-07-23,원본에 별도 키·제약 없음
conversation.updated_at,대화·생성 AI,대화,conversation,27,최종 수정 시각,updated_at,최종 갱신,"한 대화 세션의 최근 텍스트 메시지, 롤링 요약, 보존 기한과 대표 생성 메타데이터를 관리한다.에서 최종 갱신을(를) 관리",최종 갱신,timestamptz,N/A,UTC,46037,N/A,timestamptz,timestamptz,N/A,N/A,N/A,N,now(),Y,PostgreSQL DEFAULT,N,N/A,N,N/A,N/A,N/A,N,N/A,N/A,N/A,N/A,Spring Backend / Robot·Voice AI,Spring Backend 서비스,"Backend, Voice AI, Robot",N/A,N,N/A,N,N,행과 동일,행/업무 정책에 따라 삭제,N,ACTIVE,0.3.0,0.3.0,N/A,S15P11E102-84,2026-07-23,원본 키/제약: 서비스가 갱신
memory.id,개인화 기억·AI,기억,memory,1,내부 식별자,id,기억 ID,"가족·친구 관계, 취향, 추억, 요약 기억과 검증·공개·삭제 상태 및 pgvector 임베딩을 관리한다.에서 기억 ID을(를) 관리",기억 ID,uuid,N/A,N/A,00000000-0000-4000-8000-000000000001,N/A,uuid,uuid,N/A,N/A,N/A,N,gen_random_uuid(),Y,PostgreSQL DEFAULT,Y,1,N,N/A,N/A,N/A,N,N/A,N/A,N/A,N/A,Spring Backend / 사용자·AI 추출,Spring Backend 서비스,"Backend, 개인화 검색, 보호자 대시보드",N/A,간접,간접식별정보,Y,TBD,기억/tombstone,"거부는 검증 상태, 분쟁·대체·만료·삭제는 생명주기 상태로 별도 기록한다. 삭제 tombstone은 `content`, `embedding`, 사람 이름·관계 설명을 NULL로 만들고 `lifecycle_status=DELETED`, `purged_at`을 기록한다. 주소, 전화번호, 약 복용량, 인증정보, 로봇 좌표는 애초에 임베딩하지 않는다.",Y,ACTIVE,0.3.0,0.3.0,N/A,S15P11E102-84,2026-07-23,원본 키/제약: PK
memory.senior_id,개인화 기억·AI,기억,memory,2,대상 어르신 ID,senior_id,기억 소유 어르신,"가족·친구 관계, 취향, 추억, 요약 기억과 검증·공개·삭제 상태 및 pgvector 임베딩을 관리한다.에서 기억 소유 어르신을(를) 관리",기억 소유 어르신,uuid,N/A,N/A,00000000-0000-4000-8000-000000000001,RULE_MEMORY_SOURCE_MATCH,uuid,uuid,N/A,N/A,N/A,N,N/A,N,애플리케이션 또는 사용자 입력,N,N/A,Y,FK_MEMORY_SENIOR_ID,app_user,id,N,N/A,N/A,N/A,N/A,Spring Backend / 사용자·AI 추출,Spring Backend 서비스,"Backend, 개인화 검색, 보호자 대시보드",N/A,Y,개인정보 또는 건강·생활정보,Y,TBD,기억,"거부는 검증 상태, 분쟁·대체·만료·삭제는 생명주기 상태로 별도 기록한다. 삭제 tombstone은 `content`, `embedding`, 사람 이름·관계 설명을 NULL로 만들고 `lifecycle_status=DELETED`, `purged_at`을 기록한다. 주소, 전화번호, 약 복용량, 인증정보, 로봇 좌표는 애초에 임베딩하지 않는다.",Y,ACTIVE,0.3.0,0.3.0,N/A,S15P11E102-84,2026-07-23,원본 키/제약: FK→`app_user.id
memory.source_conversation_id,개인화 기억·AI,기억,memory,3,출처 대화 ID,source_conversation_id,출처 세션; 원문 제거 후에도 유지,"가족·친구 관계, 취향, 추억, 요약 기억과 검증·공개·삭제 상태 및 pgvector 임베딩을 관리한다.에서 출처 세션; 원문 제거 후에도 유지을(를) 관리",출처 세션; 원문 제거 후에도 유지,uuid,N/A,N/A,00000000-0000-4000-8000-000000000001,RULE_MEMORY_SOURCE_MATCH,uuid,uuid,N/A,N/A,N/A,Y,N/A,N,애플리케이션 또는 사용자 입력,N,N/A,Y,FK_MEMORY_SOURCE_CONVERSATION_ID,conversation,id,N,N/A,N/A,N/A,N/A,Spring Backend / 사용자·AI 추출,Spring Backend 서비스,"Backend, 개인화 검색, 보호자 대시보드",N/A,간접,간접식별정보,Y,TBD,기억,"거부는 검증 상태, 분쟁·대체·만료·삭제는 생명주기 상태로 별도 기록한다. 삭제 tombstone은 `content`, `embedding`, 사람 이름·관계 설명을 NULL로 만들고 `lifecycle_status=DELETED`, `purged_at`을 기록한다. 주소, 전화번호, 약 복용량, 인증정보, 로봇 좌표는 애초에 임베딩하지 않는다.",Y,ACTIVE,0.3.0,0.3.0,N/A,S15P11E102-84,2026-07-23,원본 키/제약: FK→`conversation.id
memory.source_message_id,개인화 기억·AI,기억,memory,4,출처 메시지 ID,source_message_id,messages[].messageId`; 물리 FK 없음,"가족·친구 관계, 취향, 추억, 요약 기억과 검증·공개·삭제 상태 및 pgvector 임베딩을 관리한다.에서 messages[].messageId`; 물리 FK 없음을(를) 관리",messages[].messageId`; 물리 FK 없음,uuid,N/A,N/A,00000000-0000-4000-8000-000000000001,RULE_MEMORY_SOURCE_MATCH,uuid,uuid,N/A,N/A,N/A,Y,N/A,N,애플리케이션 또는 사용자 입력,N,N/A,N,N/A,N/A,N/A,N,N/A,N/A,N/A,N/A,Spring Backend / 사용자·AI 추출,Spring Backend 서비스,"Backend, 개인화 검색, 보호자 대시보드",N/A,간접,간접식별정보,Y,TBD,기억,"거부는 검증 상태, 분쟁·대체·만료·삭제는 생명주기 상태로 별도 기록한다. 삭제 tombstone은 `content`, `embedding`, 사람 이름·관계 설명을 NULL로 만들고 `lifecycle_status=DELETED`, `purged_at`을 기록한다. 주소, 전화번호, 약 복용량, 인증정보, 로봇 좌표는 애초에 임베딩하지 않는다.",Y,ACTIVE,0.3.0,0.3.0,N/A,S15P11E102-84,2026-07-23,원본 키/제약: 논리 참조
memory.memory_type,개인화 기억·AI,기억,memory,5,관계·선호·취미·사건·요약 등,memory_type,관계·선호·취미·사건·요약 등,"가족·친구 관계, 취향, 추억, 요약 기억과 검증·공개·삭제 상태 및 pgvector 임베딩을 관리한다.에서 관계·선호·취미·사건·요약 등을(를) 관리",관계·선호·취미·사건·요약 등,varchar(40),N/A,N/A,비식별 가상 값,N/A,varchar,varchar(40),40,N/A,N/A,N,N/A,N,애플리케이션 또는 사용자 입력,N,N/A,N,N/A,N/A,N/A,N,CHK_MEMORY_MEMORY_TYPE,CODE_MEMORY_TYPE,N/A,N/A,Spring Backend / 사용자·AI 추출,Spring Backend 서비스,"Backend, 개인화 검색, 보호자 대시보드",N/A,Y,개인정보 또는 건강·생활정보,Y,TBD,기억,"거부는 검증 상태, 분쟁·대체·만료·삭제는 생명주기 상태로 별도 기록한다. 삭제 tombstone은 `content`, `embedding`, 사람 이름·관계 설명을 NULL로 만들고 `lifecycle_status=DELETED`, `purged_at`을 기록한다. 주소, 전화번호, 약 복용량, 인증정보, 로봇 좌표는 애초에 임베딩하지 않는다.",Y,ACTIVE,0.3.0,0.3.0,N/A,S15P11E102-84,2026-07-23,원본 키/제약: 허용값 CHECK
memory.content,개인화 기억·AI,기억,memory,6,자연어 기억 본문,content,자연어 기억 본문,"가족·친구 관계, 취향, 추억, 요약 기억과 검증·공개·삭제 상태 및 pgvector 임베딩을 관리한다.에서 자연어 기억 본문을(를) 관리",자연어 기억 본문,text,N/A,N/A,비식별 가상 값,RULE_MEMORY_DELETE_TOMBSTONE,text,text,N/A,N/A,N/A,Y,N/A,N,애플리케이션 또는 사용자 입력,N,N/A,N,N/A,N/A,N/A,N,CHK_MEMORY_CONTENT,N/A,N/A,N/A,Spring Backend / 사용자·AI 추출,Spring Backend 서비스,"Backend, 개인화 검색, 보호자 대시보드",N/A,Y,개인정보 또는 건강·생활정보,Y,TBD,기억/삭제 시 제거,"거부는 검증 상태, 분쟁·대체·만료·삭제는 생명주기 상태로 별도 기록한다. 삭제 tombstone은 `content`, `embedding`, 사람 이름·관계 설명을 NULL로 만들고 `lifecycle_status=DELETED`, `purged_at`을 기록한다. 주소, 전화번호, 약 복용량, 인증정보, 로봇 좌표는 애초에 임베딩하지 않는다.",Y,ACTIVE,0.3.0,0.3.0,N/A,S15P11E102-84,2026-07-23,원본 키/제약: 비삭제 상태면 필수 CHECK
memory.related_person_name,개인화 기억·AI,기억,memory,7,권한 없는 가족·친구 표시명,related_person_name,권한 없는 가족·친구 표시명,"가족·친구 관계, 취향, 추억, 요약 기억과 검증·공개·삭제 상태 및 pgvector 임베딩을 관리한다.에서 권한 없는 가족·친구 표시명을(를) 관리",권한 없는 가족·친구 표시명,varchar(100),N/A,N/A,비식별 가상 값,N/A,varchar,varchar(100),100,N/A,N/A,Y,N/A,N,애플리케이션 또는 사용자 입력,N,N/A,N,N/A,N/A,N/A,N,N/A,N/A,N/A,N/A,Spring Backend / 사용자·AI 추출,Spring Backend 서비스,"Backend, 개인화 검색, 보호자 대시보드",N/A,Y,개인정보 또는 건강·생활정보,Y,TBD,기억/삭제 시 제거,"거부는 검증 상태, 분쟁·대체·만료·삭제는 생명주기 상태로 별도 기록한다. 삭제 tombstone은 `content`, `embedding`, 사람 이름·관계 설명을 NULL로 만들고 `lifecycle_status=DELETED`, `purged_at`을 기록한다. 주소, 전화번호, 약 복용량, 인증정보, 로봇 좌표는 애초에 임베딩하지 않는다.",Y,ACTIVE,0.3.0,0.3.0,N/A,S15P11E102-84,2026-07-23,원본에 별도 키·제약 없음
memory.relationship_label,개인화 기억·AI,기억,memory,8,관계 설명,relationship_label,관계 설명,"가족·친구 관계, 취향, 추억, 요약 기억과 검증·공개·삭제 상태 및 pgvector 임베딩을 관리한다.에서 관계 설명을(를) 관리",관계 설명,varchar(100),N/A,N/A,비식별 가상 값,N/A,varchar,varchar(100),100,N/A,N/A,Y,N/A,N,애플리케이션 또는 사용자 입력,N,N/A,N,N/A,N/A,N/A,N,N/A,N/A,N/A,N/A,Spring Backend / 사용자·AI 추출,Spring Backend 서비스,"Backend, 개인화 검색, 보호자 대시보드",N/A,Y,개인정보 또는 건강·생활정보,Y,TBD,기억/삭제 시 제거,"거부는 검증 상태, 분쟁·대체·만료·삭제는 생명주기 상태로 별도 기록한다. 삭제 tombstone은 `content`, `embedding`, 사람 이름·관계 설명을 NULL로 만들고 `lifecycle_status=DELETED`, `purged_at`을 기록한다. 주소, 전화번호, 약 복용량, 인증정보, 로봇 좌표는 애초에 임베딩하지 않는다.",Y,ACTIVE,0.3.0,0.3.0,N/A,S15P11E102-84,2026-07-23,원본에 별도 키·제약 없음
memory.importance,개인화 기억·AI,기억,memory,9,검색 가중치,importance,검색 가중치,"가족·친구 관계, 취향, 추억, 요약 기억과 검증·공개·삭제 상태 및 pgvector 임베딩을 관리한다.에서 검색 가중치을(를) 관리",검색 가중치,smallint,N/A,N/A,0,N/A,smallint,smallint,N/A,N/A,N/A,N,3,N,애플리케이션 또는 사용자 입력,N,N/A,N,N/A,N/A,N/A,N,CHK_MEMORY_IMPORTANCE,N/A,N/A,N/A,Spring Backend / 사용자·AI 추출,Spring Backend 서비스,"Backend, 개인화 검색, 보호자 대시보드",N/A,파생,민감 파생정보,Y,TBD,기억,"거부는 검증 상태, 분쟁·대체·만료·삭제는 생명주기 상태로 별도 기록한다. 삭제 tombstone은 `content`, `embedding`, 사람 이름·관계 설명을 NULL로 만들고 `lifecycle_status=DELETED`, `purged_at`을 기록한다. 주소, 전화번호, 약 복용량, 인증정보, 로봇 좌표는 애초에 임베딩하지 않는다.",Y,ACTIVE,0.3.0,0.3.0,N/A,S15P11E102-84,2026-07-23,원본 키/제약: CHECK 1~5
memory.confidence,개인화 기억·AI,기억,memory,10,추출 신뢰도,confidence,추출 신뢰도,"가족·친구 관계, 취향, 추억, 요약 기억과 검증·공개·삭제 상태 및 pgvector 임베딩을 관리한다.에서 추출 신뢰도을(를) 관리",추출 신뢰도,"numeric(5,4)",N/A,N/A,0,N/A,numeric,"numeric(5,4)",N/A,5,4,Y,N/A,N,애플리케이션 또는 사용자 입력,N,N/A,N,N/A,N/A,N/A,N,CHK_MEMORY_CONFIDENCE,N/A,N/A,N/A,Spring Backend / 사용자·AI 추출,Spring Backend 서비스,"Backend, 개인화 검색, 보호자 대시보드",N/A,파생,민감 파생정보,Y,TBD,기억,"거부는 검증 상태, 분쟁·대체·만료·삭제는 생명주기 상태로 별도 기록한다. 삭제 tombstone은 `content`, `embedding`, 사람 이름·관계 설명을 NULL로 만들고 `lifecycle_status=DELETED`, `purged_at`을 기록한다. 주소, 전화번호, 약 복용량, 인증정보, 로봇 좌표는 애초에 임베딩하지 않는다.",Y,ACTIVE,0.3.0,0.3.0,N/A,S15P11E102-84,2026-07-23,원본 키/제약: CHECK 0~1
memory.verification_status,개인화 기억·AI,기억,memory,11,확인 여부,verification_status,확인 여부; 생명주기와 분리,"가족·친구 관계, 취향, 추억, 요약 기억과 검증·공개·삭제 상태 및 pgvector 임베딩을 관리한다.에서 확인 여부; 생명주기와 분리을(를) 관리",확인 여부; 생명주기와 분리,varchar(30),N/A,N/A,비식별 가상 값,N/A,varchar,varchar(30),30,N/A,N/A,N,UNVERIFIED,N,애플리케이션 또는 사용자 입력,N,N/A,N,N/A,N/A,N/A,N,CHK_MEMORY_VERIFICATION_STATUS,CODE_MEMORY_VERIFICATION,N/A,N/A,Spring Backend / 사용자·AI 추출,Spring Backend 서비스,"Backend, 개인화 검색, 보호자 대시보드",N/A,Y,개인정보 또는 건강·생활정보,Y,TBD,기억/감사,"거부는 검증 상태, 분쟁·대체·만료·삭제는 생명주기 상태로 별도 기록한다. 삭제 tombstone은 `content`, `embedding`, 사람 이름·관계 설명을 NULL로 만들고 `lifecycle_status=DELETED`, `purged_at`을 기록한다. 주소, 전화번호, 약 복용량, 인증정보, 로봇 좌표는 애초에 임베딩하지 않는다.",Y,ACTIVE,0.3.0,0.3.0,N/A,S15P11E102-84,2026-07-23,원본 키/제약: CHECK 지정 값
memory.lifecycle_status,개인화 기억·AI,기억,memory,12,ACTIVE/DISPUTED/SUPERSEDED/…,lifecycle_status,ACTIVE/DISPUTED/SUPERSEDED/EXPIRED/DELETED,"가족·친구 관계, 취향, 추억, 요약 기억과 검증·공개·삭제 상태 및 pgvector 임베딩을 관리한다.에서 ACTIVE/DISPUTED/SUPERSEDED/EXPIRED/DELETED을(를) 관리",ACTIVE/DISPUTED/SUPERSEDED/EXPIRED/DELETED,varchar(30),N/A,N/A,비식별 가상 값,RULE_MEMORY_DELETE_TOMBSTONE,varchar,varchar(30),30,N/A,N/A,N,ACTIVE,N,애플리케이션 또는 사용자 입력,N,N/A,N,N/A,N/A,N/A,N,CHK_MEMORY_LIFECYCLE_STATUS,CODE_MEMORY_LIFECYCLE,N/A,N/A,Spring Backend / 사용자·AI 추출,Spring Backend 서비스,"Backend, 개인화 검색, 보호자 대시보드",N/A,Y,개인정보 또는 건강·생활정보,Y,TBD,기억/tombstone,"거부는 검증 상태, 분쟁·대체·만료·삭제는 생명주기 상태로 별도 기록한다. 삭제 tombstone은 `content`, `embedding`, 사람 이름·관계 설명을 NULL로 만들고 `lifecycle_status=DELETED`, `purged_at`을 기록한다. 주소, 전화번호, 약 복용량, 인증정보, 로봇 좌표는 애초에 임베딩하지 않는다.",Y,ACTIVE,0.3.0,0.3.0,N/A,S15P11E102-84,2026-07-23,원본 키/제약: CHECK 지정 값
memory.visibility,개인화 기억·AI,기억,memory,13,PRIVATE/PRIMARY/GUARDIANS 공개,visibility,PRIVATE/PRIMARY/GUARDIANS 공개,"가족·친구 관계, 취향, 추억, 요약 기억과 검증·공개·삭제 상태 및 pgvector 임베딩을 관리한다.에서 PRIVATE/PRIMARY/GUARDIANS 공개을(를) 관리",PRIVATE/PRIMARY/GUARDIANS 공개,varchar(40),N/A,N/A,비식별 가상 값,N/A,varchar,varchar(40),40,N/A,N/A,N,PRIVATE,N,애플리케이션 또는 사용자 입력,N,N/A,N,N/A,N/A,N/A,N,CHK_MEMORY_VISIBILITY,CODE_MEMORY_VISIBILITY,N/A,N/A,Spring Backend / 사용자·AI 추출,Spring Backend 서비스,"Backend, 개인화 검색, 보호자 대시보드",N/A,Y,개인정보 또는 건강·생활정보,Y,TBD,기억/감사,"거부는 검증 상태, 분쟁·대체·만료·삭제는 생명주기 상태로 별도 기록한다. 삭제 tombstone은 `content`, `embedding`, 사람 이름·관계 설명을 NULL로 만들고 `lifecycle_status=DELETED`, `purged_at`을 기록한다. 주소, 전화번호, 약 복용량, 인증정보, 로봇 좌표는 애초에 임베딩하지 않는다.",Y,ACTIVE,0.3.0,0.3.0,N/A,S15P11E102-84,2026-07-23,원본 키/제약: CHECK 지정 값
memory.is_sensitive,개인화 기억·AI,기억,memory,14,강화된 표시·검색 정책 플래그,is_sensitive,강화된 표시·검색 정책 플래그,"가족·친구 관계, 취향, 추억, 요약 기억과 검증·공개·삭제 상태 및 pgvector 임베딩을 관리한다.에서 강화된 표시·검색 정책 플래그을(를) 관리",강화된 표시·검색 정책 플래그,boolean,N/A,N/A,false,N/A,boolean,boolean,N/A,N/A,N/A,N,false,N,애플리케이션 또는 사용자 입력,N,N/A,N,N/A,N/A,N/A,N,N/A,N/A,N/A,N/A,Spring Backend / 사용자·AI 추출,Spring Backend 서비스,"Backend, 개인화 검색, 보호자 대시보드",N/A,Y,개인정보 또는 건강·생활정보,Y,TBD,기억,"거부는 검증 상태, 분쟁·대체·만료·삭제는 생명주기 상태로 별도 기록한다. 삭제 tombstone은 `content`, `embedding`, 사람 이름·관계 설명을 NULL로 만들고 `lifecycle_status=DELETED`, `purged_at`을 기록한다. 주소, 전화번호, 약 복용량, 인증정보, 로봇 좌표는 애초에 임베딩하지 않는다.",Y,ACTIVE,0.3.0,0.3.0,N/A,S15P11E102-84,2026-07-23,원본에 별도 키·제약 없음
memory.embedding,개인화 기억·AI,기억,memory,15,본문의 단일 활성 임베딩,embedding,본문의 단일 활성 임베딩,"가족·친구 관계, 취향, 추억, 요약 기억과 검증·공개·삭제 상태 및 pgvector 임베딩을 관리한다.에서 본문의 단일 활성 임베딩을(를) 관리",본문의 단일 활성 임베딩,pgvector; 차원 TBD,N/A,N/A,비식별 본문에서 재생성되는 벡터,RULE_MEMORY_DELETE_TOMBSTONE,vector,vector(<EMBEDDING_DIM>),N/A,N/A,N/A,Y,N/A,N,애플리케이션 또는 사용자 입력,N,N/A,N,N/A,N/A,N/A,N,N/A,N/A,N/A,VEC_MEMORY_EMBEDDING,Spring Backend / 사용자·AI 추출,Spring Backend 서비스,"Backend, 개인화 검색, 보호자 대시보드",N/A,민감 파생,민감 파생정보,Y,TBD,기억/삭제 시 제거,"거부는 검증 상태, 분쟁·대체·만료·삭제는 생명주기 상태로 별도 기록한다. 삭제 tombstone은 `content`, `embedding`, 사람 이름·관계 설명을 NULL로 만들고 `lifecycle_status=DELETED`, `purged_at`을 기록한다. 주소, 전화번호, 약 복용량, 인증정보, 로봇 좌표는 애초에 임베딩하지 않는다.",Y,ACTIVE,0.3.0,0.3.0,N/A,S15P11E102-84,2026-07-23,원본 키/제약: 모델 확정 후 차원 고정
memory.embedding_model_name,개인화 기억·AI,기억,memory,16,임베딩 모델명,embedding_model_name,임베딩 모델명,"가족·친구 관계, 취향, 추억, 요약 기억과 검증·공개·삭제 상태 및 pgvector 임베딩을 관리한다.에서 임베딩 모델명을(를) 관리",임베딩 모델명,varchar(200),N/A,N/A,EMBEDDING_MODEL_NAME,N/A,varchar,varchar(200),200,N/A,N/A,Y,N/A,N,애플리케이션 또는 사용자 입력,N,N/A,N,N/A,N/A,N/A,N,N/A,N/A,N/A,N/A,Spring Backend / 사용자·AI 추출,Spring Backend 서비스,"Backend, 개인화 검색, 보호자 대시보드",N/A,N,N/A,N,N,기억,행/업무 정책에 따라 삭제,N,ACTIVE,0.3.0,0.3.0,N/A,S15P11E102-84,2026-07-23,원본에 별도 키·제약 없음
memory.embedding_model_version,개인화 기억·AI,기억,memory,17,모델 버전,embedding_model_version,모델 버전,"가족·친구 관계, 취향, 추억, 요약 기억과 검증·공개·삭제 상태 및 pgvector 임베딩을 관리한다.에서 모델 버전을(를) 관리",모델 버전,varchar(100),N/A,N/A,EMBEDDING_MODEL_VERSION,N/A,varchar,varchar(100),100,N/A,N/A,Y,N/A,N,애플리케이션 또는 사용자 입력,N,N/A,N,N/A,N/A,N/A,N,N/A,N/A,N/A,N/A,Spring Backend / 사용자·AI 추출,Spring Backend 서비스,"Backend, 개인화 검색, 보호자 대시보드",N/A,N,N/A,N,N,기억,행/업무 정책에 따라 삭제,N,ACTIVE,0.3.0,0.3.0,N/A,S15P11E102-84,2026-07-23,원본에 별도 키·제약 없음
memory.embedding_request_id,개인화 기억·AI,기억,memory,18,생성 추적 ID 원문,embedding_request_id,생성 추적 ID 원문,"가족·친구 관계, 취향, 추억, 요약 기억과 검증·공개·삭제 상태 및 pgvector 임베딩을 관리한다.에서 생성 추적 ID 원문을(를) 관리",생성 추적 ID 원문,varchar(64),N/A,N/A,EMBEDDING_REQUEST_ID,N/A,varchar,varchar(64),64,N/A,N/A,Y,N/A,N,애플리케이션 또는 사용자 입력,N,N/A,N,N/A,N/A,N/A,Y,CONSTRAINT_UQ_MEMORY_EMBEDDING_REQUEST,N/A,N/A,N/A,Spring Backend / 사용자·AI 추출,Spring Backend 서비스,"Backend, 개인화 검색, 보호자 대시보드",N/A,간접,간접식별정보,Y,TBD,AI 단기 30일,"거부는 검증 상태, 분쟁·대체·만료·삭제는 생명주기 상태로 별도 기록한다. 삭제 tombstone은 `content`, `embedding`, 사람 이름·관계 설명을 NULL로 만들고 `lifecycle_status=DELETED`, `purged_at`을 기록한다. 주소, 전화번호, 약 복용량, 인증정보, 로봇 좌표는 애초에 임베딩하지 않는다.",Y,ACTIVE,0.3.0,0.3.0,N/A,S15P11E102-84,2026-07-23,원본 키/제약: 부분 UNIQUE
memory.embedding_generation_status,개인화 기억·AI,기억,memory,19,생성/실패/갱신 필요 상태,embedding_generation_status,생성/실패/갱신 필요 상태,"가족·친구 관계, 취향, 추억, 요약 기억과 검증·공개·삭제 상태 및 pgvector 임베딩을 관리한다.에서 생성/실패/갱신 필요 상태을(를) 관리",생성/실패/갱신 필요 상태,varchar(30),N/A,N/A,EMBEDDING_GENERATION_STA,N/A,varchar,varchar(30),30,N/A,N/A,N,NOT_REQUESTED,N,애플리케이션 또는 사용자 입력,N,N/A,N,N/A,N/A,N/A,N,N/A,CODE_EMBEDDING_STATUS,N/A,N/A,Spring Backend / 사용자·AI 추출,Spring Backend 서비스,"Backend, 개인화 검색, 보호자 대시보드",N/A,간접,간접식별정보,Y,TBD,기억,"거부는 검증 상태, 분쟁·대체·만료·삭제는 생명주기 상태로 별도 기록한다. 삭제 tombstone은 `content`, `embedding`, 사람 이름·관계 설명을 NULL로 만들고 `lifecycle_status=DELETED`, `purged_at`을 기록한다. 주소, 전화번호, 약 복용량, 인증정보, 로봇 좌표는 애초에 임베딩하지 않는다.",Y,ACTIVE,0.3.0,0.3.0,N/A,S15P11E102-84,2026-07-23,원본 키/제약: 서비스 허용값
memory.embedding_generated_at,개인화 기억·AI,기억,memory,20,현재 벡터 생성 시각,embedding_generated_at,현재 벡터 생성 시각,"가족·친구 관계, 취향, 추억, 요약 기억과 검증·공개·삭제 상태 및 pgvector 임베딩을 관리한다.에서 현재 벡터 생성 시각을(를) 관리",현재 벡터 생성 시각,timestamptz,N/A,UTC,46037,N/A,timestamptz,timestamptz,N/A,N/A,N/A,Y,N/A,N,애플리케이션 또는 사용자 입력,N,N/A,N,N/A,N/A,N/A,N,N/A,N/A,N/A,N/A,Spring Backend / 사용자·AI 추출,Spring Backend 서비스,"Backend, 개인화 검색, 보호자 대시보드",N/A,N,N/A,N,N,기억,행/업무 정책에 따라 삭제,N,ACTIVE,0.3.0,0.3.0,N/A,S15P11E102-84,2026-07-23,원본에 별도 키·제약 없음
memory.observed_at,개인화 기억·AI,기억,memory,21,기억 내용이 관찰된 시각,observed_at,기억 내용이 관찰된 시각,"가족·친구 관계, 취향, 추억, 요약 기억과 검증·공개·삭제 상태 및 pgvector 임베딩을 관리한다.에서 기억 내용이 관찰된 시각을(를) 관리",기억 내용이 관찰된 시각,timestamptz,N/A,UTC,46037,N/A,timestamptz,timestamptz,N/A,N/A,N/A,Y,N/A,N,애플리케이션 또는 사용자 입력,N,N/A,N,N/A,N/A,N/A,N,N/A,N/A,N/A,N/A,Spring Backend / 사용자·AI 추출,Spring Backend 서비스,"Backend, 개인화 검색, 보호자 대시보드",N/A,Y,개인정보 또는 건강·생활정보,Y,TBD,기억,"거부는 검증 상태, 분쟁·대체·만료·삭제는 생명주기 상태로 별도 기록한다. 삭제 tombstone은 `content`, `embedding`, 사람 이름·관계 설명을 NULL로 만들고 `lifecycle_status=DELETED`, `purged_at`을 기록한다. 주소, 전화번호, 약 복용량, 인증정보, 로봇 좌표는 애초에 임베딩하지 않는다.",Y,ACTIVE,0.3.0,0.3.0,N/A,S15P11E102-84,2026-07-23,원본에 별도 키·제약 없음
memory.confirmed_at,개인화 기억·AI,기억,memory,22,사용자/보호자 확인 시각,confirmed_at,사용자/보호자 확인 시각,"가족·친구 관계, 취향, 추억, 요약 기억과 검증·공개·삭제 상태 및 pgvector 임베딩을 관리한다.에서 사용자/보호자 확인 시각을(를) 관리",사용자/보호자 확인 시각,timestamptz,N/A,UTC,46037,N/A,timestamptz,timestamptz,N/A,N/A,N/A,Y,N/A,N,애플리케이션 또는 사용자 입력,N,N/A,N,N/A,N/A,N/A,N,N/A,N/A,N/A,N/A,Spring Backend / 사용자·AI 추출,Spring Backend 서비스,"Backend, 개인화 검색, 보호자 대시보드",N/A,Y,개인정보 또는 건강·생활정보,Y,TBD,기억/감사,"거부는 검증 상태, 분쟁·대체·만료·삭제는 생명주기 상태로 별도 기록한다. 삭제 tombstone은 `content`, `embedding`, 사람 이름·관계 설명을 NULL로 만들고 `lifecycle_status=DELETED`, `purged_at`을 기록한다. 주소, 전화번호, 약 복용량, 인증정보, 로봇 좌표는 애초에 임베딩하지 않는다.",Y,ACTIVE,0.3.0,0.3.0,N/A,S15P11E102-84,2026-07-23,원본 키/제약: 확인 상태와 일치
memory.expires_at,개인화 기억·AI,기억,memory,23,일시적 기억 만료,expires_at,일시적 기억 만료,"가족·친구 관계, 취향, 추억, 요약 기억과 검증·공개·삭제 상태 및 pgvector 임베딩을 관리한다.에서 일시적 기억 만료을(를) 관리",일시적 기억 만료,timestamptz,N/A,UTC,46037,N/A,timestamptz,timestamptz,N/A,N/A,N/A,Y,N/A,N,애플리케이션 또는 사용자 입력,N,N/A,N,N/A,N/A,N/A,N,N/A,N/A,N/A,N/A,Spring Backend / 사용자·AI 추출,Spring Backend 서비스,"Backend, 개인화 검색, 보호자 대시보드",N/A,N,N/A,N,N,기억,행/업무 정책에 따라 삭제,N,ACTIVE,0.3.0,0.3.0,N/A,S15P11E102-84,2026-07-23,원본에 별도 키·제약 없음
memory.superseded_by_id,개인화 기억·AI,기억,memory,24,충돌 시 새 기억으로 대체,superseded_by_id,충돌 시 새 기억으로 대체,"가족·친구 관계, 취향, 추억, 요약 기억과 검증·공개·삭제 상태 및 pgvector 임베딩을 관리한다.에서 충돌 시 새 기억으로 대체을(를) 관리",충돌 시 새 기억으로 대체,uuid,N/A,N/A,00000000-0000-4000-8000-000000000001,RULE_MEMORY_NO_SELF_SUPERSEDE,uuid,uuid,N/A,N/A,N/A,Y,N/A,N,애플리케이션 또는 사용자 입력,N,N/A,Y,FK_MEMORY_SUPERSEDED_BY_ID,memory,id,N,RULE_MEMORY_NO_SELF_SUPERSEDE,N/A,N/A,N/A,Spring Backend / 사용자·AI 추출,Spring Backend 서비스,"Backend, 개인화 검색, 보호자 대시보드",N/A,Y,개인정보 또는 건강·생활정보,Y,TBD,tombstone/감사,"거부는 검증 상태, 분쟁·대체·만료·삭제는 생명주기 상태로 별도 기록한다. 삭제 tombstone은 `content`, `embedding`, 사람 이름·관계 설명을 NULL로 만들고 `lifecycle_status=DELETED`, `purged_at`을 기록한다. 주소, 전화번호, 약 복용량, 인증정보, 로봇 좌표는 애초에 임베딩하지 않는다.",Y,ACTIVE,0.3.0,0.3.0,N/A,S15P11E102-84,2026-07-23,"원본 키/제약: self FK, 자기 자신 금지"
memory.purged_at,개인화 기억·AI,기억,memory,25,본문·임베딩 물리 제거 시각,purged_at,본문·임베딩 물리 제거 시각,"가족·친구 관계, 취향, 추억, 요약 기억과 검증·공개·삭제 상태 및 pgvector 임베딩을 관리한다.에서 본문·임베딩 물리 제거 시각을(를) 관리",본문·임베딩 물리 제거 시각,timestamptz,N/A,UTC,46037,RULE_MEMORY_DELETE_TOMBSTONE,timestamptz,timestamptz,N/A,N/A,N/A,Y,N/A,N,애플리케이션 또는 사용자 입력,N,N/A,N,N/A,N/A,N/A,N,N/A,N/A,N/A,N/A,Spring Backend / 사용자·AI 추출,Spring Backend 서비스,"Backend, 개인화 검색, 보호자 대시보드",N/A,N,N/A,N,N,tombstone,행/업무 정책에 따라 삭제,N,ACTIVE,0.3.0,0.3.0,N/A,S15P11E102-84,2026-07-23,원본에 별도 키·제약 없음
memory.created_at,개인화 기억·AI,기억,memory,26,생성 시각,created_at,생성 시각,"가족·친구 관계, 취향, 추억, 요약 기억과 검증·공개·삭제 상태 및 pgvector 임베딩을 관리한다.에서 생성 시각을(를) 관리",생성 시각,timestamptz,N/A,UTC,46037,N/A,timestamptz,timestamptz,N/A,N/A,N/A,N,now(),Y,PostgreSQL DEFAULT,N,N/A,N,N/A,N/A,N/A,N,N/A,N/A,N/A,N/A,Spring Backend / 사용자·AI 추출,Spring Backend 서비스,"Backend, 개인화 검색, 보호자 대시보드",N/A,N,N/A,N,N,기억,행/업무 정책에 따라 삭제,N,ACTIVE,0.3.0,0.3.0,N/A,S15P11E102-84,2026-07-23,원본에 별도 키·제약 없음
memory.updated_at,개인화 기억·AI,기억,memory,27,최종 수정 시각,updated_at,최종 변경,"가족·친구 관계, 취향, 추억, 요약 기억과 검증·공개·삭제 상태 및 pgvector 임베딩을 관리한다.에서 최종 변경을(를) 관리",최종 변경,timestamptz,N/A,UTC,46037,N/A,timestamptz,timestamptz,N/A,N/A,N/A,N,now(),Y,PostgreSQL DEFAULT,N,N/A,N,N/A,N/A,N/A,N,N/A,N/A,N/A,N/A,Spring Backend / 사용자·AI 추출,Spring Backend 서비스,"Backend, 개인화 검색, 보호자 대시보드",N/A,N,N/A,N,N,기억,행/업무 정책에 따라 삭제,N,ACTIVE,0.3.0,0.3.0,N/A,S15P11E102-84,2026-07-23,원본 키/제약: 서비스가 갱신
care_record.id,돌봄·건강·알림,돌봄 기록,care_record,1,내부 식별자,id,돌봄 기록 ID,건강·복약·일정·휴식·환경 관찰·인지 참고 지표·보호자 알림을 유형별 독립 행으로 저장하고 부모 행으로 계획과 결과를 연결한다.에서 돌봄 기록 ID을(를) 관리,돌봄 기록 ID,uuid,N/A,N/A,00000000-0000-4000-8000-000000000001,N/A,uuid,uuid,N/A,N/A,N/A,N,gen_random_uuid(),Y,PostgreSQL DEFAULT,Y,1,N,N/A,N/A,N/A,N,N/A,N/A,N/A,N/A,Spring Backend / 사용자·보호자·Robot·AI,Spring Backend 서비스,"Backend, 보호자 대시보드, Robot·AI",N/A,간접,간접식별정보,Y,TBD,유형별 정책,"해소된 `HEALTH_OBSERVATION`은 30일, 미해소 관찰은 90일 후 재확인한다. `REST_OBSERVATION`과 `ENVIRONMENT_OBSERVATION`은 일반 90일을 기본으로 하되 원시 프레임·센서 시계열은 저장하지 않는다. 종료된 일반 일정·실행 결과는 기본 90일이다. 확정 질환·알레르기·복약 기준정보는 유효한 동안 유지하고 변경·삭제를 감사한다. 인지 결과에는 의료 진단이 아니라 참고 지표임을 `details`에 구조화한다. 낙상 알림은 안전 정책을 따른다. 사용자 삭제 시 법적 보존 근거가 없는 건강 본문과 JSONB를 물리 제거한다.",Y,ACTIVE,0.3.0,0.3.0,N/A,S15P11E102-84,2026-07-23,원본 키/제약: PK
care_record.senior_id,돌봄·건강·알림,돌봄 기록,care_record,2,대상 어르신 ID,senior_id,대상 어르신,건강·복약·일정·휴식·환경 관찰·인지 참고 지표·보호자 알림을 유형별 독립 행으로 저장하고 부모 행으로 계획과 결과를 연결한다.에서 대상 어르신을(를) 관리,대상 어르신,uuid,N/A,N/A,00000000-0000-4000-8000-000000000001,"RULE_CARE_PARENT_MATCH, RULE_CARE_SCENARIO_MATCH",uuid,uuid,N/A,N/A,N/A,N,N/A,N,애플리케이션 또는 사용자 입력,N,N/A,Y,FK_CARE_RECORD_SENIOR_ID,app_user,id,N,N/A,N/A,N/A,N/A,Spring Backend / 사용자·보호자·Robot·AI,Spring Backend 서비스,"Backend, 보호자 대시보드, Robot·AI",N/A,Y,개인정보 또는 건강·생활정보,Y,TBD,유형별 정책,"해소된 `HEALTH_OBSERVATION`은 30일, 미해소 관찰은 90일 후 재확인한다. `REST_OBSERVATION`과 `ENVIRONMENT_OBSERVATION`은 일반 90일을 기본으로 하되 원시 프레임·센서 시계열은 저장하지 않는다. 종료된 일반 일정·실행 결과는 기본 90일이다. 확정 질환·알레르기·복약 기준정보는 유효한 동안 유지하고 변경·삭제를 감사한다. 인지 결과에는 의료 진단이 아니라 참고 지표임을 `details`에 구조화한다. 낙상 알림은 안전 정책을 따른다. 사용자 삭제 시 법적 보존 근거가 없는 건강 본문과 JSONB를 물리 제거한다.",Y,ACTIVE,0.3.0,0.3.0,N/A,S15P11E102-84,2026-07-23,원본 키/제약: FK→`app_user.id
care_record.parent_record_id,돌봄·건강·알림,돌봄 기록,care_record,3,상위 돌봄 기록 ID,parent_record_id,계획→알림→실행/알림 전달 연결,건강·복약·일정·휴식·환경 관찰·인지 참고 지표·보호자 알림을 유형별 독립 행으로 저장하고 부모 행으로 계획과 결과를 연결한다.에서 계획→알림→실행/알림 전달 연결을(를) 관리,계획→알림→실행/알림 전달 연결,uuid,N/A,N/A,00000000-0000-4000-8000-000000000001,"RULE_CARE_PARENT_MATCH, RULE_CARE_NO_SELF_PARENT",uuid,uuid,N/A,N/A,N/A,Y,N/A,N,애플리케이션 또는 사용자 입력,N,N/A,Y,FK_CARE_RECORD_PARENT_RECORD_ID,care_record,id,N,RULE_CARE_NO_SELF_PARENT,N/A,N/A,N/A,Spring Backend / 사용자·보호자·Robot·AI,Spring Backend 서비스,"Backend, 보호자 대시보드, Robot·AI",N/A,Y,개인정보 또는 건강·생활정보,Y,TBD,부모와 연계,"해소된 `HEALTH_OBSERVATION`은 30일, 미해소 관찰은 90일 후 재확인한다. `REST_OBSERVATION`과 `ENVIRONMENT_OBSERVATION`은 일반 90일을 기본으로 하되 원시 프레임·센서 시계열은 저장하지 않는다. 종료된 일반 일정·실행 결과는 기본 90일이다. 확정 질환·알레르기·복약 기준정보는 유효한 동안 유지하고 변경·삭제를 감사한다. 인지 결과에는 의료 진단이 아니라 참고 지표임을 `details`에 구조화한다. 낙상 알림은 안전 정책을 따른다. 사용자 삭제 시 법적 보존 근거가 없는 건강 본문과 JSONB를 물리 제거한다.",Y,ACTIVE,0.3.0,0.3.0,N/A,S15P11E102-84,2026-07-23,"원본 키/제약: self FK, 자기 자신 금지"
care_record.scenario_id,돌봄·건강·알림,돌봄 기록,care_record,4,연계 시나리오 ID,scenario_id,낙상 등 원인 시나리오,건강·복약·일정·휴식·환경 관찰·인지 참고 지표·보호자 알림을 유형별 독립 행으로 저장하고 부모 행으로 계획과 결과를 연결한다.에서 낙상 등 원인 시나리오을(를) 관리,낙상 등 원인 시나리오,uuid,N/A,N/A,00000000-0000-4000-8000-000000000001,RULE_CARE_SCENARIO_MATCH,uuid,uuid,N/A,N/A,N/A,Y,N/A,N,애플리케이션 또는 사용자 입력,N,N/A,Y,FK_CARE_RECORD_SCENARIO_ID,scenario,id,N,N/A,N/A,N/A,N/A,Spring Backend / 사용자·보호자·Robot·AI,Spring Backend 서비스,"Backend, 보호자 대시보드, Robot·AI",N/A,간접,간접식별정보,Y,TBD,유형별 정책,"해소된 `HEALTH_OBSERVATION`은 30일, 미해소 관찰은 90일 후 재확인한다. `REST_OBSERVATION`과 `ENVIRONMENT_OBSERVATION`은 일반 90일을 기본으로 하되 원시 프레임·센서 시계열은 저장하지 않는다. 종료된 일반 일정·실행 결과는 기본 90일이다. 확정 질환·알레르기·복약 기준정보는 유효한 동안 유지하고 변경·삭제를 감사한다. 인지 결과에는 의료 진단이 아니라 참고 지표임을 `details`에 구조화한다. 낙상 알림은 안전 정책을 따른다. 사용자 삭제 시 법적 보존 근거가 없는 건강 본문과 JSONB를 물리 제거한다.",Y,ACTIVE,0.3.0,0.3.0,N/A,S15P11E102-84,2026-07-23,원본 키/제약: FK→`scenario.id
care_record.source_conversation_id,돌봄·건강·알림,돌봄 기록,care_record,5,출처 대화 ID,source_conversation_id,대화에서 추출한 건강·복약·일정 후보의 출처 세션,건강·복약·일정·휴식·환경 관찰·인지 참고 지표·보호자 알림을 유형별 독립 행으로 저장하고 부모 행으로 계획과 결과를 연결한다.에서 대화에서 추출한 건강·복약·일정 후보의 출처 세션을(를) 관리,대화에서 추출한 건강·복약·일정 후보의 출처 세션,uuid,N/A,N/A,00000000-0000-4000-8000-000000000001,"RULE_CARE_SOURCE_MATCH, RULE_CONSENT_GATE",uuid,uuid,N/A,N/A,N/A,Y,N/A,N,애플리케이션 또는 사용자 입력,N,N/A,Y,FK_CARE_RECORD_SOURCE_CONVERSATION_ID,conversation,id,N,N/A,N/A,N/A,N/A,Spring Backend / 사용자·보호자·Robot·AI,Spring Backend 서비스,"Backend, 보호자 대시보드, Robot·AI",N/A,간접,간접식별정보,Y,TBD,유형별 정책,"해소된 `HEALTH_OBSERVATION`은 30일, 미해소 관찰은 90일 후 재확인한다. `REST_OBSERVATION`과 `ENVIRONMENT_OBSERVATION`은 일반 90일을 기본으로 하되 원시 프레임·센서 시계열은 저장하지 않는다. 종료된 일반 일정·실행 결과는 기본 90일이다. 확정 질환·알레르기·복약 기준정보는 유효한 동안 유지하고 변경·삭제를 감사한다. 인지 결과에는 의료 진단이 아니라 참고 지표임을 `details`에 구조화한다. 낙상 알림은 안전 정책을 따른다. 사용자 삭제 시 법적 보존 근거가 없는 건강 본문과 JSONB를 물리 제거한다.",Y,ACTIVE,0.3.0,0.3.0,N/A,S15P11E102-84,2026-07-23,원본 키/제약: FK→`conversation.id
care_record.source_message_id,돌봄·건강·알림,돌봄 기록,care_record,6,출처 메시지 ID,source_message_id,conversation.messages.items[].messageId`; 물리 FK 없음,건강·복약·일정·휴식·환경 관찰·인지 참고 지표·보호자 알림을 유형별 독립 행으로 저장하고 부모 행으로 계획과 결과를 연결한다.에서 conversation.messages.items[].messageId`; 물리 FK 없음을(를) 관리,conversation.messages.items[].messageId`; 물리 FK 없음,uuid,N/A,N/A,00000000-0000-4000-8000-000000000001,"RULE_CARE_SOURCE_MATCH, RULE_CONSENT_GATE",uuid,uuid,N/A,N/A,N/A,Y,N/A,N,애플리케이션 또는 사용자 입력,N,N/A,N,N/A,N/A,N/A,N,N/A,N/A,N/A,N/A,Spring Backend / 사용자·보호자·Robot·AI,Spring Backend 서비스,"Backend, 보호자 대시보드, Robot·AI",N/A,간접,간접식별정보,Y,TBD,유형별 정책,"해소된 `HEALTH_OBSERVATION`은 30일, 미해소 관찰은 90일 후 재확인한다. `REST_OBSERVATION`과 `ENVIRONMENT_OBSERVATION`은 일반 90일을 기본으로 하되 원시 프레임·센서 시계열은 저장하지 않는다. 종료된 일반 일정·실행 결과는 기본 90일이다. 확정 질환·알레르기·복약 기준정보는 유효한 동안 유지하고 변경·삭제를 감사한다. 인지 결과에는 의료 진단이 아니라 참고 지표임을 `details`에 구조화한다. 낙상 알림은 안전 정책을 따른다. 사용자 삭제 시 법적 보존 근거가 없는 건강 본문과 JSONB를 물리 제거한다.",Y,ACTIVE,0.3.0,0.3.0,N/A,S15P11E102-84,2026-07-23,원본 키/제약: 논리 참조
care_record.recipient_guardian_id,돌봄·건강·알림,돌봄 기록,care_record,7,알림 수신 보호자 ID,recipient_guardian_id,알림 실제 수신 보호자,건강·복약·일정·휴식·환경 관찰·인지 참고 지표·보호자 알림을 유형별 독립 행으로 저장하고 부모 행으로 계획과 결과를 연결한다.에서 알림 실제 수신 보호자을(를) 관리,알림 실제 수신 보호자,uuid,N/A,N/A,00000000-0000-4000-8000-000000000001,RULE_NOTIFICATION_RELATION,uuid,uuid,N/A,N/A,N/A,Y,N/A,N,애플리케이션 또는 사용자 입력,N,N/A,Y,FK_CARE_RECORD_RECIPIENT_GUARDIAN_ID,app_user,id,N,N/A,N/A,N/A,N/A,Spring Backend / 사용자·보호자·Robot·AI,Spring Backend 서비스,"Backend, 보호자 대시보드, Robot·AI",N/A,Y,개인정보 또는 건강·생활정보,Y,TBD,알림/안전 정책,"해소된 `HEALTH_OBSERVATION`은 30일, 미해소 관찰은 90일 후 재확인한다. `REST_OBSERVATION`과 `ENVIRONMENT_OBSERVATION`은 일반 90일을 기본으로 하되 원시 프레임·센서 시계열은 저장하지 않는다. 종료된 일반 일정·실행 결과는 기본 90일이다. 확정 질환·알레르기·복약 기준정보는 유효한 동안 유지하고 변경·삭제를 감사한다. 인지 결과에는 의료 진단이 아니라 참고 지표임을 `details`에 구조화한다. 낙상 알림은 안전 정책을 따른다. 사용자 삭제 시 법적 보존 근거가 없는 건강 본문과 JSONB를 물리 제거한다.",Y,ACTIVE,0.3.0,0.3.0,N/A,S15P11E102-84,2026-07-23,원본 키/제약: FK→`app_user.id
care_record.external_event_id,돌봄·건강·알림,돌봄 기록,care_record,8,외부 이벤트 멱등 ID,external_event_id,오프라인 복약·안전·휴식·환경 결과 멱등 키 원문,건강·복약·일정·휴식·환경 관찰·인지 참고 지표·보호자 알림을 유형별 독립 행으로 저장하고 부모 행으로 계획과 결과를 연결한다.에서 오프라인 복약·안전·휴식·환경 결과 멱등 키 원문을(를) 관리,오프라인 복약·안전·휴식·환경 결과 멱등 키 원문,varchar(64),N/A,N/A,EXTERNAL_EVENT_ID,RULE_CARE_EVENT_IDEMPOTENCY,varchar,varchar(64),64,N/A,N/A,Y,N/A,N,애플리케이션 또는 사용자 입력,N,N/A,N,N/A,N/A,N/A,Y,CONSTRAINT_UQ_CARE_RECORD_EXTERNAL_EVENT,N/A,N/A,N/A,Spring Backend / 사용자·보호자·Robot·AI,Spring Backend 서비스,"Backend, 보호자 대시보드, Robot·AI","MAP-REST-EVENT-ID, MAP-AMBIENT-EVENT-ID",간접,간접식별정보,Y,TBD,행과 동일,"해소된 `HEALTH_OBSERVATION`은 30일, 미해소 관찰은 90일 후 재확인한다. `REST_OBSERVATION`과 `ENVIRONMENT_OBSERVATION`은 일반 90일을 기본으로 하되 원시 프레임·센서 시계열은 저장하지 않는다. 종료된 일반 일정·실행 결과는 기본 90일이다. 확정 질환·알레르기·복약 기준정보는 유효한 동안 유지하고 변경·삭제를 감사한다. 인지 결과에는 의료 진단이 아니라 참고 지표임을 `details`에 구조화한다. 낙상 알림은 안전 정책을 따른다. 사용자 삭제 시 법적 보존 근거가 없는 건강 본문과 JSONB를 물리 제거한다.",Y,ACTIVE,0.3.0,0.3.0,N/A,S15P11E102-84,2026-07-23,"원본 키/제약: 부분 UNIQUE, 형식 allowlist"
care_record.record_type,돌봄·건강·알림,돌봄 기록,care_record,9,건강·약물·일정·휴식·환경·실행·알림 종류,record_type,건강·약물·일정·휴식·환경·실행·알림 종류,건강·복약·일정·휴식·환경 관찰·인지 참고 지표·보호자 알림을 유형별 독립 행으로 저장하고 부모 행으로 계획과 결과를 연결한다.에서 건강·약물·일정·휴식·환경·실행·알림 종류을(를) 관리,건강·약물·일정·휴식·환경·실행·알림 종류,varchar(40),N/A,N/A,비식별 가상 값,N/A,varchar,varchar(40),40,N/A,N/A,N,N/A,N,애플리케이션 또는 사용자 입력,N,N/A,N,N/A,N/A,N/A,N,CHK_CARE_RECORD_RECORD_TYPE,CODE_CARE_RECORD_TYPE,N/A,N/A,Spring Backend / 사용자·보호자·Robot·AI,Spring Backend 서비스,"Backend, 보호자 대시보드, Robot·AI",N/A,Y,개인정보 또는 건강·생활정보,Y,TBD,유형별 정책,"해소된 `HEALTH_OBSERVATION`은 30일, 미해소 관찰은 90일 후 재확인한다. `REST_OBSERVATION`과 `ENVIRONMENT_OBSERVATION`은 일반 90일을 기본으로 하되 원시 프레임·센서 시계열은 저장하지 않는다. 종료된 일반 일정·실행 결과는 기본 90일이다. 확정 질환·알레르기·복약 기준정보는 유효한 동안 유지하고 변경·삭제를 감사한다. 인지 결과에는 의료 진단이 아니라 참고 지표임을 `details`에 구조화한다. 낙상 알림은 안전 정책을 따른다. 사용자 삭제 시 법적 보존 근거가 없는 건강 본문과 JSONB를 물리 제거한다.",Y,ACTIVE,0.3.0,0.3.0,N/A,S15P11E102-84,2026-07-23,원본 키/제약: 허용값 CHECK
care_record.title,돌봄·건강·알림,돌봄 기록,care_record,10,대시보드 표시 제목,title,대시보드 표시 제목,건강·복약·일정·휴식·환경 관찰·인지 참고 지표·보호자 알림을 유형별 독립 행으로 저장하고 부모 행으로 계획과 결과를 연결한다.에서 대시보드 표시 제목을(를) 관리,대시보드 표시 제목,varchar(200),N/A,N/A,비식별 가상 값,N/A,varchar,varchar(200),200,N/A,N/A,N,N/A,N,애플리케이션 또는 사용자 입력,N,N/A,N,N/A,N/A,N/A,N,N/A,N/A,N/A,N/A,Spring Backend / 사용자·보호자·Robot·AI,Spring Backend 서비스,"Backend, 보호자 대시보드, Robot·AI",N/A,Y,개인정보 또는 건강·생활정보,Y,TBD,유형별 정책,"해소된 `HEALTH_OBSERVATION`은 30일, 미해소 관찰은 90일 후 재확인한다. `REST_OBSERVATION`과 `ENVIRONMENT_OBSERVATION`은 일반 90일을 기본으로 하되 원시 프레임·센서 시계열은 저장하지 않는다. 종료된 일반 일정·실행 결과는 기본 90일이다. 확정 질환·알레르기·복약 기준정보는 유효한 동안 유지하고 변경·삭제를 감사한다. 인지 결과에는 의료 진단이 아니라 참고 지표임을 `details`에 구조화한다. 낙상 알림은 안전 정책을 따른다. 사용자 삭제 시 법적 보존 근거가 없는 건강 본문과 JSONB를 물리 제거한다.",Y,ACTIVE,0.3.0,0.3.0,N/A,S15P11E102-84,2026-07-23,원본에 별도 키·제약 없음
care_record.description,돌봄·건강·알림,돌봄 기록,care_record,11,사용자/보호자 설명,description,사용자/보호자 설명,건강·복약·일정·휴식·환경 관찰·인지 참고 지표·보호자 알림을 유형별 독립 행으로 저장하고 부모 행으로 계획과 결과를 연결한다.에서 사용자/보호자 설명을(를) 관리,사용자/보호자 설명,text,N/A,N/A,비식별 가상 값,N/A,text,text,N/A,N/A,N/A,Y,N/A,N,애플리케이션 또는 사용자 입력,N,N/A,N,N/A,N/A,N/A,N,N/A,N/A,N/A,N/A,Spring Backend / 사용자·보호자·Robot·AI,Spring Backend 서비스,"Backend, 보호자 대시보드, Robot·AI",N/A,Y,개인정보 또는 건강·생활정보,Y,TBD,유형별 정책/삭제 검토,"해소된 `HEALTH_OBSERVATION`은 30일, 미해소 관찰은 90일 후 재확인한다. `REST_OBSERVATION`과 `ENVIRONMENT_OBSERVATION`은 일반 90일을 기본으로 하되 원시 프레임·센서 시계열은 저장하지 않는다. 종료된 일반 일정·실행 결과는 기본 90일이다. 확정 질환·알레르기·복약 기준정보는 유효한 동안 유지하고 변경·삭제를 감사한다. 인지 결과에는 의료 진단이 아니라 참고 지표임을 `details`에 구조화한다. 낙상 알림은 안전 정책을 따른다. 사용자 삭제 시 법적 보존 근거가 없는 건강 본문과 JSONB를 물리 제거한다.",Y,ACTIVE,0.3.0,0.3.0,N/A,S15P11E102-84,2026-07-23,원본 키/제약: 최소 정보 원칙
care_record.details,돌봄·건강·알림,돌봄 기록,care_record,12,record_type별 제한 부가정보,details,record_type별 제한 부가정보,건강·복약·일정·휴식·환경 관찰·인지 참고 지표·보호자 알림을 유형별 독립 행으로 저장하고 부모 행으로 계획과 결과를 연결한다.에서 record_type별 제한 부가정보을(를) 관리,record_type별 제한 부가정보,JSON object; 구조 ID 참조,N/A,N/A,구조 ID 참조,N/A,jsonb,jsonb,N/A,N/A,N/A,N,N/A,N,애플리케이션 또는 사용자 입력,N,N/A,N,N/A,N/A,N/A,N,CHK_CARE_RECORD_DETAILS,N/A,JSON_CARE_RECORD_DETAILS_V1,N/A,Spring Backend / 사용자·보호자·Robot·AI,Spring Backend 서비스,"Backend, 보호자 대시보드, Robot·AI",N/A,Y,개인정보 또는 건강·생활정보,Y,TBD,유형별 정책,"해소된 `HEALTH_OBSERVATION`은 30일, 미해소 관찰은 90일 후 재확인한다. `REST_OBSERVATION`과 `ENVIRONMENT_OBSERVATION`은 일반 90일을 기본으로 하되 원시 프레임·센서 시계열은 저장하지 않는다. 종료된 일반 일정·실행 결과는 기본 90일이다. 확정 질환·알레르기·복약 기준정보는 유효한 동안 유지하고 변경·삭제를 감사한다. 인지 결과에는 의료 진단이 아니라 참고 지표임을 `details`에 구조화한다. 낙상 알림은 안전 정책을 따른다. 사용자 삭제 시 법적 보존 근거가 없는 건강 본문과 JSONB를 물리 제거한다.",Y,ACTIVE,0.3.0,0.3.0,N/A,S15P11E102-84,2026-07-23,"원본 키/제약: JSON object CHECK, 서비스 필수 DTO"
care_record.status,돌봄·건강·알림,돌봄 기록,care_record,13,업무 상태,status,계획·실행·전달 상태,건강·복약·일정·휴식·환경 관찰·인지 참고 지표·보호자 알림을 유형별 독립 행으로 저장하고 부모 행으로 계획과 결과를 연결한다.에서 계획·실행·전달 상태을(를) 관리,계획·실행·전달 상태,varchar(30),N/A,N/A,비식별 가상 값,N/A,varchar,varchar(30),30,N/A,N/A,N,ACTIVE,N,애플리케이션 또는 사용자 입력,N,N/A,N,N/A,N/A,N/A,N,N/A,N/A,N/A,N/A,Spring Backend / 사용자·보호자·Robot·AI,Spring Backend 서비스,"Backend, 보호자 대시보드, Robot·AI",N/A,Y,개인정보 또는 건강·생활정보,Y,TBD,유형별 정책,"해소된 `HEALTH_OBSERVATION`은 30일, 미해소 관찰은 90일 후 재확인한다. `REST_OBSERVATION`과 `ENVIRONMENT_OBSERVATION`은 일반 90일을 기본으로 하되 원시 프레임·센서 시계열은 저장하지 않는다. 종료된 일반 일정·실행 결과는 기본 90일이다. 확정 질환·알레르기·복약 기준정보는 유효한 동안 유지하고 변경·삭제를 감사한다. 인지 결과에는 의료 진단이 아니라 참고 지표임을 `details`에 구조화한다. 낙상 알림은 안전 정책을 따른다. 사용자 삭제 시 법적 보존 근거가 없는 건강 본문과 JSONB를 물리 제거한다.",Y,ACTIVE,0.3.0,0.3.0,N/A,S15P11E102-84,2026-07-23,원본 키/제약: 유형별 서비스 허용값
care_record.source_type,돌봄·건강·알림,돌봄 기록,care_record,14,정보 출처,source_type,정보 출처,건강·복약·일정·휴식·환경 관찰·인지 참고 지표·보호자 알림을 유형별 독립 행으로 저장하고 부모 행으로 계획과 결과를 연결한다.에서 정보 출처을(를) 관리,정보 출처,varchar(30),N/A,N/A,비식별 가상 값,N/A,varchar,varchar(30),30,N/A,N/A,N,N/A,N,애플리케이션 또는 사용자 입력,N,N/A,N,N/A,N/A,N/A,N,CHK_CARE_RECORD_SOURCE_TYPE,CODE_CARE_SOURCE_TYPE,N/A,N/A,Spring Backend / 사용자·보호자·Robot·AI,Spring Backend 서비스,"Backend, 보호자 대시보드, Robot·AI",N/A,Y,개인정보 또는 건강·생활정보,Y,TBD,유형별 정책,"해소된 `HEALTH_OBSERVATION`은 30일, 미해소 관찰은 90일 후 재확인한다. `REST_OBSERVATION`과 `ENVIRONMENT_OBSERVATION`은 일반 90일을 기본으로 하되 원시 프레임·센서 시계열은 저장하지 않는다. 종료된 일반 일정·실행 결과는 기본 90일이다. 확정 질환·알레르기·복약 기준정보는 유효한 동안 유지하고 변경·삭제를 감사한다. 인지 결과에는 의료 진단이 아니라 참고 지표임을 `details`에 구조화한다. 낙상 알림은 안전 정책을 따른다. 사용자 삭제 시 법적 보존 근거가 없는 건강 본문과 JSONB를 물리 제거한다.",Y,ACTIVE,0.3.0,0.3.0,N/A,S15P11E102-84,2026-07-23,"원본 키/제약: CHECK `USER, GUARDIAN, ROBOT, AI, SYSTEM"
care_record.confidence,돌봄·건강·알림,돌봄 기록,care_record,15,AI/센서 관찰 신뢰도,confidence,AI/센서 관찰 신뢰도,건강·복약·일정·휴식·환경 관찰·인지 참고 지표·보호자 알림을 유형별 독립 행으로 저장하고 부모 행으로 계획과 결과를 연결한다.에서 AI/센서 관찰 신뢰도을(를) 관리,AI/센서 관찰 신뢰도,"numeric(5,4)",N/A,N/A,0,N/A,numeric,"numeric(5,4)",N/A,5,4,Y,N/A,N,애플리케이션 또는 사용자 입력,N,N/A,N,N/A,N/A,N/A,N,CHK_CARE_RECORD_CONFIDENCE,N/A,N/A,N/A,Spring Backend / 사용자·보호자·Robot·AI,Spring Backend 서비스,"Backend, 보호자 대시보드, Robot·AI",N/A,파생,민감 파생정보,Y,TBD,유형별 정책,"해소된 `HEALTH_OBSERVATION`은 30일, 미해소 관찰은 90일 후 재확인한다. `REST_OBSERVATION`과 `ENVIRONMENT_OBSERVATION`은 일반 90일을 기본으로 하되 원시 프레임·센서 시계열은 저장하지 않는다. 종료된 일반 일정·실행 결과는 기본 90일이다. 확정 질환·알레르기·복약 기준정보는 유효한 동안 유지하고 변경·삭제를 감사한다. 인지 결과에는 의료 진단이 아니라 참고 지표임을 `details`에 구조화한다. 낙상 알림은 안전 정책을 따른다. 사용자 삭제 시 법적 보존 근거가 없는 건강 본문과 JSONB를 물리 제거한다.",Y,ACTIVE,0.3.0,0.3.0,N/A,S15P11E102-84,2026-07-23,원본 키/제약: CHECK 0~1
care_record.verification_status,돌봄·건강·알림,돌봄 기록,care_record,16,사용자 진술 확인과 문서 검증을 구분한 확정 여부,verification_status,사용자 진술 확인과 문서 검증을 구분한 확정 여부,건강·복약·일정·휴식·환경 관찰·인지 참고 지표·보호자 알림을 유형별 독립 행으로 저장하고 부모 행으로 계획과 결과를 연결한다.에서 사용자 진술 확인과 문서 검증을 구분한 확정 여부을(를) 관리,사용자 진술 확인과 문서 검증을 구분한 확정 여부,varchar(30),N/A,N/A,비식별 가상 값,N/A,varchar,varchar(30),30,N/A,N/A,N,UNVERIFIED,N,애플리케이션 또는 사용자 입력,N,N/A,N,N/A,N/A,N/A,N,CHK_CARE_RECORD_VERIFICATION_STATUS,CODE_CARE_VERIFICATION,N/A,N/A,Spring Backend / 사용자·보호자·Robot·AI,Spring Backend 서비스,"Backend, 보호자 대시보드, Robot·AI",N/A,Y,개인정보 또는 건강·생활정보,Y,TBD,유형별 정책/감사,"해소된 `HEALTH_OBSERVATION`은 30일, 미해소 관찰은 90일 후 재확인한다. `REST_OBSERVATION`과 `ENVIRONMENT_OBSERVATION`은 일반 90일을 기본으로 하되 원시 프레임·센서 시계열은 저장하지 않는다. 종료된 일반 일정·실행 결과는 기본 90일이다. 확정 질환·알레르기·복약 기준정보는 유효한 동안 유지하고 변경·삭제를 감사한다. 인지 결과에는 의료 진단이 아니라 참고 지표임을 `details`에 구조화한다. 낙상 알림은 안전 정책을 따른다. 사용자 삭제 시 법적 보존 근거가 없는 건강 본문과 JSONB를 물리 제거한다.",Y,ACTIVE,0.3.0,0.3.0,N/A,S15P11E102-84,2026-07-23,"원본 키/제약: CHECK `UNVERIFIED, USER_CONFIRMED, GUARDIAN_CONFIRMED, DOCUMENT_VERIFIED, REJECTED"
care_record.scheduled_at,돌봄·건강·알림,돌봄 기록,care_record,17,예정 시각,scheduled_at,예정 시각,건강·복약·일정·휴식·환경 관찰·인지 참고 지표·보호자 알림을 유형별 독립 행으로 저장하고 부모 행으로 계획과 결과를 연결한다.에서 예정 시각을(를) 관리,예정 시각,timestamptz,N/A,UTC,46037,N/A,timestamptz,timestamptz,N/A,N/A,N/A,Y,N/A,N,애플리케이션 또는 사용자 입력,N,N/A,N,N/A,N/A,N/A,N,N/A,N/A,N/A,N/A,Spring Backend / 사용자·보호자·Robot·AI,Spring Backend 서비스,"Backend, 보호자 대시보드, Robot·AI",N/A,Y,개인정보 또는 건강·생활정보,Y,TBD,종료 후 일반 90일,"해소된 `HEALTH_OBSERVATION`은 30일, 미해소 관찰은 90일 후 재확인한다. `REST_OBSERVATION`과 `ENVIRONMENT_OBSERVATION`은 일반 90일을 기본으로 하되 원시 프레임·센서 시계열은 저장하지 않는다. 종료된 일반 일정·실행 결과는 기본 90일이다. 확정 질환·알레르기·복약 기준정보는 유효한 동안 유지하고 변경·삭제를 감사한다. 인지 결과에는 의료 진단이 아니라 참고 지표임을 `details`에 구조화한다. 낙상 알림은 안전 정책을 따른다. 사용자 삭제 시 법적 보존 근거가 없는 건강 본문과 JSONB를 물리 제거한다.",Y,ACTIVE,0.3.0,0.3.0,N/A,S15P11E102-84,2026-07-23,원본 키/제약: 일정 유형에서 사용
care_record.recurrence,돌봄·건강·알림,돌봄 기록,care_record,18,반복 규칙,recurrence,반복 규칙; 실행 이력 아님,건강·복약·일정·휴식·환경 관찰·인지 참고 지표·보호자 알림을 유형별 독립 행으로 저장하고 부모 행으로 계획과 결과를 연결한다.에서 반복 규칙; 실행 이력 아님을(를) 관리,반복 규칙; 실행 이력 아님,JSON object; 구조 ID 참조,N/A,N/A,구조 ID 참조,N/A,jsonb,jsonb,N/A,N/A,N/A,Y,N/A,N,애플리케이션 또는 사용자 입력,N,N/A,N,N/A,N/A,N/A,N,CHK_CARE_RECORD_RECURRENCE,N/A,JSON_CARE_RECORD_RECURRENCE_V1,N/A,Spring Backend / 사용자·보호자·Robot·AI,Spring Backend 서비스,"Backend, 보호자 대시보드, Robot·AI",N/A,Y,개인정보 또는 건강·생활정보,Y,TBD,계획 존속,"해소된 `HEALTH_OBSERVATION`은 30일, 미해소 관찰은 90일 후 재확인한다. `REST_OBSERVATION`과 `ENVIRONMENT_OBSERVATION`은 일반 90일을 기본으로 하되 원시 프레임·센서 시계열은 저장하지 않는다. 종료된 일반 일정·실행 결과는 기본 90일이다. 확정 질환·알레르기·복약 기준정보는 유효한 동안 유지하고 변경·삭제를 감사한다. 인지 결과에는 의료 진단이 아니라 참고 지표임을 `details`에 구조화한다. 낙상 알림은 안전 정책을 따른다. 사용자 삭제 시 법적 보존 근거가 없는 건강 본문과 JSONB를 물리 제거한다.",Y,ACTIVE,0.3.0,0.3.0,N/A,S15P11E102-84,2026-07-23,원본 키/제약: JSON object CHECK
care_record.occurred_at,돌봄·건강·알림,돌봄 기록,care_record,19,사건 발생 시각,occurred_at,실제 사건/복용 발생 시각,건강·복약·일정·휴식·환경 관찰·인지 참고 지표·보호자 알림을 유형별 독립 행으로 저장하고 부모 행으로 계획과 결과를 연결한다.에서 실제 사건/복용 발생 시각을(를) 관리,실제 사건/복용 발생 시각,timestamptz,N/A,UTC,46037,N/A,timestamptz,timestamptz,N/A,N/A,N/A,Y,N/A,N,애플리케이션 또는 사용자 입력,N,N/A,N,N/A,N/A,N/A,N,N/A,N/A,N/A,N/A,Spring Backend / 사용자·보호자·Robot·AI,Spring Backend 서비스,"Backend, 보호자 대시보드, Robot·AI",N/A,Y,개인정보 또는 건강·생활정보,Y,TBD,유형별 정책,"해소된 `HEALTH_OBSERVATION`은 30일, 미해소 관찰은 90일 후 재확인한다. `REST_OBSERVATION`과 `ENVIRONMENT_OBSERVATION`은 일반 90일을 기본으로 하되 원시 프레임·센서 시계열은 저장하지 않는다. 종료된 일반 일정·실행 결과는 기본 90일이다. 확정 질환·알레르기·복약 기준정보는 유효한 동안 유지하고 변경·삭제를 감사한다. 인지 결과에는 의료 진단이 아니라 참고 지표임을 `details`에 구조화한다. 낙상 알림은 안전 정책을 따른다. 사용자 삭제 시 법적 보존 근거가 없는 건강 본문과 JSONB를 물리 제거한다.",Y,ACTIVE,0.3.0,0.3.0,N/A,S15P11E102-84,2026-07-23,원본 키/제약: 결과 유형에서 사용
care_record.delivered_at,돌봄·건강·알림,돌봄 기록,care_record,20,수신 채널 전달 시각,delivered_at,수신 채널 전달 시각,건강·복약·일정·휴식·환경 관찰·인지 참고 지표·보호자 알림을 유형별 독립 행으로 저장하고 부모 행으로 계획과 결과를 연결한다.에서 수신 채널 전달 시각을(를) 관리,수신 채널 전달 시각,timestamptz,N/A,UTC,46037,N/A,timestamptz,timestamptz,N/A,N/A,N/A,Y,N/A,N,애플리케이션 또는 사용자 입력,N,N/A,N,N/A,N/A,N/A,N,N/A,N/A,N/A,N/A,Spring Backend / 사용자·보호자·Robot·AI,Spring Backend 서비스,"Backend, 보호자 대시보드, Robot·AI",N/A,Y,개인정보 또는 건강·생활정보,Y,TBD,알림/안전 정책,"해소된 `HEALTH_OBSERVATION`은 30일, 미해소 관찰은 90일 후 재확인한다. `REST_OBSERVATION`과 `ENVIRONMENT_OBSERVATION`은 일반 90일을 기본으로 하되 원시 프레임·센서 시계열은 저장하지 않는다. 종료된 일반 일정·실행 결과는 기본 90일이다. 확정 질환·알레르기·복약 기준정보는 유효한 동안 유지하고 변경·삭제를 감사한다. 인지 결과에는 의료 진단이 아니라 참고 지표임을 `details`에 구조화한다. 낙상 알림은 안전 정책을 따른다. 사용자 삭제 시 법적 보존 근거가 없는 건강 본문과 JSONB를 물리 제거한다.",Y,ACTIVE,0.3.0,0.3.0,N/A,S15P11E102-84,2026-07-23,원본 키/제약: 알림 유형에서 사용
care_record.responded_at,돌봄·건강·알림,돌봄 기록,care_record,21,사용자의 응답 시각,responded_at,사용자의 응답 시각,건강·복약·일정·휴식·환경 관찰·인지 참고 지표·보호자 알림을 유형별 독립 행으로 저장하고 부모 행으로 계획과 결과를 연결한다.에서 사용자의 응답 시각을(를) 관리,사용자의 응답 시각,timestamptz,N/A,UTC,46037,N/A,timestamptz,timestamptz,N/A,N/A,N/A,Y,N/A,N,애플리케이션 또는 사용자 입력,N,N/A,N,N/A,N/A,N/A,N,N/A,N/A,N/A,N/A,Spring Backend / 사용자·보호자·Robot·AI,Spring Backend 서비스,"Backend, 보호자 대시보드, Robot·AI",N/A,Y,개인정보 또는 건강·생활정보,Y,TBD,알림/안전 정책,"해소된 `HEALTH_OBSERVATION`은 30일, 미해소 관찰은 90일 후 재확인한다. `REST_OBSERVATION`과 `ENVIRONMENT_OBSERVATION`은 일반 90일을 기본으로 하되 원시 프레임·센서 시계열은 저장하지 않는다. 종료된 일반 일정·실행 결과는 기본 90일이다. 확정 질환·알레르기·복약 기준정보는 유효한 동안 유지하고 변경·삭제를 감사한다. 인지 결과에는 의료 진단이 아니라 참고 지표임을 `details`에 구조화한다. 낙상 알림은 안전 정책을 따른다. 사용자 삭제 시 법적 보존 근거가 없는 건강 본문과 JSONB를 물리 제거한다.",Y,ACTIVE,0.3.0,0.3.0,N/A,S15P11E102-84,2026-07-23,원본에 별도 키·제약 없음
care_record.acknowledged_at,돌봄·건강·알림,돌봄 기록,care_record,22,보호자 확인 시각,acknowledged_at,보호자 확인 시각,건강·복약·일정·휴식·환경 관찰·인지 참고 지표·보호자 알림을 유형별 독립 행으로 저장하고 부모 행으로 계획과 결과를 연결한다.에서 보호자 확인 시각을(를) 관리,보호자 확인 시각,timestamptz,N/A,UTC,46037,N/A,timestamptz,timestamptz,N/A,N/A,N/A,Y,N/A,N,애플리케이션 또는 사용자 입력,N,N/A,N,N/A,N/A,N/A,N,N/A,N/A,N/A,N/A,Spring Backend / 사용자·보호자·Robot·AI,Spring Backend 서비스,"Backend, 보호자 대시보드, Robot·AI",N/A,Y,개인정보 또는 건강·생활정보,Y,TBD,알림/안전 정책,"해소된 `HEALTH_OBSERVATION`은 30일, 미해소 관찰은 90일 후 재확인한다. `REST_OBSERVATION`과 `ENVIRONMENT_OBSERVATION`은 일반 90일을 기본으로 하되 원시 프레임·센서 시계열은 저장하지 않는다. 종료된 일반 일정·실행 결과는 기본 90일이다. 확정 질환·알레르기·복약 기준정보는 유효한 동안 유지하고 변경·삭제를 감사한다. 인지 결과에는 의료 진단이 아니라 참고 지표임을 `details`에 구조화한다. 낙상 알림은 안전 정책을 따른다. 사용자 삭제 시 법적 보존 근거가 없는 건강 본문과 JSONB를 물리 제거한다.",Y,ACTIVE,0.3.0,0.3.0,N/A,S15P11E102-84,2026-07-23,원본에 별도 키·제약 없음
care_record.expires_at,돌봄·건강·알림,돌봄 기록,care_record,23,일시 관찰/알림 만료,expires_at,일시 관찰/알림 만료,건강·복약·일정·휴식·환경 관찰·인지 참고 지표·보호자 알림을 유형별 독립 행으로 저장하고 부모 행으로 계획과 결과를 연결한다.에서 일시 관찰/알림 만료을(를) 관리,일시 관찰/알림 만료,timestamptz,N/A,UTC,46037,N/A,timestamptz,timestamptz,N/A,N/A,N/A,Y,N/A,N,애플리케이션 또는 사용자 입력,N,N/A,N,N/A,N/A,N/A,N,N/A,N/A,N/A,N/A,Spring Backend / 사용자·보호자·Robot·AI,Spring Backend 서비스,"Backend, 보호자 대시보드, Robot·AI",N/A,N,N/A,N,N,유형별 정책,행/업무 정책에 따라 삭제,N,ACTIVE,0.3.0,0.3.0,N/A,S15P11E102-84,2026-07-23,원본에 별도 키·제약 없음
care_record.attempt_count,돌봄·건강·알림,돌봄 기록,care_record,24,동일 알림 행의 재시도 횟수,attempt_count,동일 알림 행의 재시도 횟수,건강·복약·일정·휴식·환경 관찰·인지 참고 지표·보호자 알림을 유형별 독립 행으로 저장하고 부모 행으로 계획과 결과를 연결한다.에서 동일 알림 행의 재시도 횟수을(를) 관리,동일 알림 행의 재시도 횟수,integer,N/A,N/A,0,N/A,integer,integer,N/A,N/A,N/A,N,0,N,애플리케이션 또는 사용자 입력,N,N/A,N,N/A,N/A,N/A,N,CHK_CARE_RECORD_ATTEMPT_COUNT,N/A,N/A,N/A,Spring Backend / 사용자·보호자·Robot·AI,Spring Backend 서비스,"Backend, 보호자 대시보드, Robot·AI",N/A,N,N/A,N,N,행과 동일,행/업무 정책에 따라 삭제,N,ACTIVE,0.3.0,0.3.0,N/A,S15P11E102-84,2026-07-23,원본 키/제약: CHECK `>=0
care_record.model_name,돌봄·건강·알림,돌봄 기록,care_record,25,인지/관찰 결과 모델명,model_name,인지/관찰 결과 모델명,건강·복약·일정·휴식·환경 관찰·인지 참고 지표·보호자 알림을 유형별 독립 행으로 저장하고 부모 행으로 계획과 결과를 연결한다.에서 인지/관찰 결과 모델명을(를) 관리,인지/관찰 결과 모델명,varchar(200),N/A,N/A,MODEL_NAME,N/A,varchar,varchar(200),200,N/A,N/A,Y,N/A,N,애플리케이션 또는 사용자 입력,N,N/A,N,N/A,N/A,N/A,N,N/A,N/A,N/A,N/A,Spring Backend / 사용자·보호자·Robot·AI,Spring Backend 서비스,"Backend, 보호자 대시보드, Robot·AI",N/A,N,N/A,N,N,장기 결과와 유지,행/업무 정책에 따라 삭제,N,ACTIVE,0.3.0,0.3.0,N/A,S15P11E102-84,2026-07-23,원본에 별도 키·제약 없음
care_record.model_version,돌봄·건강·알림,돌봄 기록,care_record,26,모델 버전,model_version,모델 버전,건강·복약·일정·휴식·환경 관찰·인지 참고 지표·보호자 알림을 유형별 독립 행으로 저장하고 부모 행으로 계획과 결과를 연결한다.에서 모델 버전을(를) 관리,모델 버전,varchar(100),N/A,N/A,MODEL_VERSION,N/A,varchar,varchar(100),100,N/A,N/A,Y,N/A,N,애플리케이션 또는 사용자 입력,N,N/A,N,N/A,N/A,N/A,N,N/A,N/A,N/A,N/A,Spring Backend / 사용자·보호자·Robot·AI,Spring Backend 서비스,"Backend, 보호자 대시보드, Robot·AI",N/A,N,N/A,N,N,장기 결과와 유지,행/업무 정책에 따라 삭제,N,ACTIVE,0.3.0,0.3.0,N/A,S15P11E102-84,2026-07-23,원본에 별도 키·제약 없음
care_record.ai_request_id,돌봄·건강·알림,돌봄 기록,care_record,27,AI 요청 추적 ID 원문,ai_request_id,AI 요청 추적 ID 원문,건강·복약·일정·휴식·환경 관찰·인지 참고 지표·보호자 알림을 유형별 독립 행으로 저장하고 부모 행으로 계획과 결과를 연결한다.에서 AI 요청 추적 ID 원문을(를) 관리,AI 요청 추적 ID 원문,varchar(64),N/A,N/A,AI_REQUEST_ID,N/A,varchar,varchar(64),64,N/A,N/A,Y,N/A,N,애플리케이션 또는 사용자 입력,N,N/A,N,N/A,N/A,N/A,Y,CONSTRAINT_UQ_CARE_RECORD_AI_REQUEST,N/A,N/A,N/A,Spring Backend / 사용자·보호자·Robot·AI,Spring Backend 서비스,"Backend, 보호자 대시보드, Robot·AI",N/A,간접,간접식별정보,Y,TBD,AI 단기 30일,"해소된 `HEALTH_OBSERVATION`은 30일, 미해소 관찰은 90일 후 재확인한다. `REST_OBSERVATION`과 `ENVIRONMENT_OBSERVATION`은 일반 90일을 기본으로 하되 원시 프레임·센서 시계열은 저장하지 않는다. 종료된 일반 일정·실행 결과는 기본 90일이다. 확정 질환·알레르기·복약 기준정보는 유효한 동안 유지하고 변경·삭제를 감사한다. 인지 결과에는 의료 진단이 아니라 참고 지표임을 `details`에 구조화한다. 낙상 알림은 안전 정책을 따른다. 사용자 삭제 시 법적 보존 근거가 없는 건강 본문과 JSONB를 물리 제거한다.",Y,ACTIVE,0.3.0,0.3.0,N/A,S15P11E102-84,2026-07-23,원본 키/제약: 부분 UNIQUE
care_record.ai_started_at,돌봄·건강·알림,돌봄 기록,care_record,28,AI 처리 시작,ai_started_at,AI 처리 시작,건강·복약·일정·휴식·환경 관찰·인지 참고 지표·보호자 알림을 유형별 독립 행으로 저장하고 부모 행으로 계획과 결과를 연결한다.에서 AI 처리 시작을(를) 관리,AI 처리 시작,timestamptz,N/A,UTC,46037,N/A,timestamptz,timestamptz,N/A,N/A,N/A,Y,N/A,N,애플리케이션 또는 사용자 입력,N,N/A,N,N/A,N/A,N/A,N,N/A,N/A,N/A,N/A,Spring Backend / 사용자·보호자·Robot·AI,Spring Backend 서비스,"Backend, 보호자 대시보드, Robot·AI",N/A,N,N/A,N,N,AI 단기 30일,행/업무 정책에 따라 삭제,N,ACTIVE,0.3.0,0.3.0,N/A,S15P11E102-84,2026-07-23,원본에 별도 키·제약 없음
care_record.ai_completed_at,돌봄·건강·알림,돌봄 기록,care_record,29,AI 처리 완료,ai_completed_at,AI 처리 완료,건강·복약·일정·휴식·환경 관찰·인지 참고 지표·보호자 알림을 유형별 독립 행으로 저장하고 부모 행으로 계획과 결과를 연결한다.에서 AI 처리 완료을(를) 관리,AI 처리 완료,timestamptz,N/A,UTC,46037,N/A,timestamptz,timestamptz,N/A,N/A,N/A,Y,N/A,N,애플리케이션 또는 사용자 입력,N,N/A,N,N/A,N/A,N/A,N,N/A,N/A,N/A,N/A,Spring Backend / 사용자·보호자·Robot·AI,Spring Backend 서비스,"Backend, 보호자 대시보드, Robot·AI",N/A,N,N/A,N,N,AI 단기 30일,행/업무 정책에 따라 삭제,N,ACTIVE,0.3.0,0.3.0,N/A,S15P11E102-84,2026-07-23,원본에 별도 키·제약 없음
care_record.ai_latency_ms,돌봄·건강·알림,돌봄 기록,care_record,30,AI 처리 지연,ai_latency_ms,AI 처리 지연,건강·복약·일정·휴식·환경 관찰·인지 참고 지표·보호자 알림을 유형별 독립 행으로 저장하고 부모 행으로 계획과 결과를 연결한다.에서 AI 처리 지연을(를) 관리,AI 처리 지연,integer,ms,N/A,0,N/A,integer,integer,N/A,N/A,N/A,Y,N/A,N,애플리케이션 또는 사용자 입력,N,N/A,N,N/A,N/A,N/A,N,CHK_CARE_RECORD_AI_LATENCY_MS,N/A,N/A,N/A,Spring Backend / 사용자·보호자·Robot·AI,Spring Backend 서비스,"Backend, 보호자 대시보드, Robot·AI",N/A,N,N/A,N,N,AI 단기 30일,행/업무 정책에 따라 삭제,N,ACTIVE,0.3.0,0.3.0,N/A,S15P11E102-84,2026-07-23,원본 키/제약: CHECK `>=0
care_record.created_by_user_id,돌봄·건강·알림,돌봄 기록,care_record,31,사람 생성자 ID,created_by_user_id,사람 생성자; 시스템/로봇이면 NULL,건강·복약·일정·휴식·환경 관찰·인지 참고 지표·보호자 알림을 유형별 독립 행으로 저장하고 부모 행으로 계획과 결과를 연결한다.에서 사람 생성자; 시스템/로봇이면 NULL을(를) 관리,사람 생성자; 시스템/로봇이면 NULL,uuid,N/A,N/A,00000000-0000-4000-8000-000000000001,N/A,uuid,uuid,N/A,N/A,N/A,Y,N/A,N,애플리케이션 또는 사용자 입력,N,N/A,Y,FK_CARE_RECORD_CREATED_BY_USER_ID,app_user,id,N,N/A,N/A,N/A,N/A,Spring Backend / 사용자·보호자·Robot·AI,Spring Backend 서비스,"Backend, 보호자 대시보드, Robot·AI",N/A,Y,개인정보 또는 건강·생활정보,Y,TBD,행/감사 정책,"해소된 `HEALTH_OBSERVATION`은 30일, 미해소 관찰은 90일 후 재확인한다. `REST_OBSERVATION`과 `ENVIRONMENT_OBSERVATION`은 일반 90일을 기본으로 하되 원시 프레임·센서 시계열은 저장하지 않는다. 종료된 일반 일정·실행 결과는 기본 90일이다. 확정 질환·알레르기·복약 기준정보는 유효한 동안 유지하고 변경·삭제를 감사한다. 인지 결과에는 의료 진단이 아니라 참고 지표임을 `details`에 구조화한다. 낙상 알림은 안전 정책을 따른다. 사용자 삭제 시 법적 보존 근거가 없는 건강 본문과 JSONB를 물리 제거한다.",Y,ACTIVE,0.3.0,0.3.0,N/A,S15P11E102-84,2026-07-23,원본 키/제약: FK→`app_user.id
care_record.schema_version,돌봄·건강·알림,돌봄 기록,care_record,32,구조 스키마 버전,schema_version,details/recurrence 구조 버전,건강·복약·일정·휴식·환경 관찰·인지 참고 지표·보호자 알림을 유형별 독립 행으로 저장하고 부모 행으로 계획과 결과를 연결한다.에서 details/recurrence 구조 버전을(를) 관리,details/recurrence 구조 버전,smallint,N/A,N/A,0,N/A,smallint,smallint,N/A,N/A,N/A,N,1,N,애플리케이션 또는 사용자 입력,N,N/A,N,N/A,N/A,N/A,N,CHK_CARE_RECORD_SCHEMA_VERSION,N/A,N/A,N/A,Spring Backend / 사용자·보호자·Robot·AI,Spring Backend 서비스,"Backend, 보호자 대시보드, Robot·AI",N/A,N,N/A,N,N,행과 동일,행/업무 정책에 따라 삭제,N,ACTIVE,0.3.0,0.3.0,N/A,S15P11E102-84,2026-07-23,원본 키/제약: CHECK `>0
care_record.version,돌봄·건강·알림,돌봄 기록,care_record,33,낙관적 잠금 버전,version,동시 수정 방지,건강·복약·일정·휴식·환경 관찰·인지 참고 지표·보호자 알림을 유형별 독립 행으로 저장하고 부모 행으로 계획과 결과를 연결한다.에서 동시 수정 방지을(를) 관리,동시 수정 방지,bigint,N/A,N/A,0,N/A,bigint,bigint,N/A,N/A,N/A,N,0,N,애플리케이션 또는 사용자 입력,N,N/A,N,N/A,N/A,N/A,N,N/A,N/A,N/A,N/A,Spring Backend / 사용자·보호자·Robot·AI,Spring Backend 서비스,"Backend, 보호자 대시보드, Robot·AI",N/A,N,N/A,N,N,행과 동일,행/업무 정책에 따라 삭제,N,ACTIVE,0.3.0,0.3.0,N/A,S15P11E102-84,2026-07-23,원본 키/제약: JPA `@Version
care_record.created_at,돌봄·건강·알림,돌봄 기록,care_record,34,생성 시각,created_at,생성 시각,건강·복약·일정·휴식·환경 관찰·인지 참고 지표·보호자 알림을 유형별 독립 행으로 저장하고 부모 행으로 계획과 결과를 연결한다.에서 생성 시각을(를) 관리,생성 시각,timestamptz,N/A,UTC,46037,N/A,timestamptz,timestamptz,N/A,N/A,N/A,N,now(),Y,PostgreSQL DEFAULT,N,N/A,N,N/A,N/A,N/A,N,N/A,N/A,N/A,N/A,Spring Backend / 사용자·보호자·Robot·AI,Spring Backend 서비스,"Backend, 보호자 대시보드, Robot·AI",N/A,N,N/A,N,N,행과 동일,행/업무 정책에 따라 삭제,N,ACTIVE,0.3.0,0.3.0,N/A,S15P11E102-84,2026-07-23,원본에 별도 키·제약 없음
care_record.updated_at,돌봄·건강·알림,돌봄 기록,care_record,35,최종 수정 시각,updated_at,최종 변경,건강·복약·일정·휴식·환경 관찰·인지 참고 지표·보호자 알림을 유형별 독립 행으로 저장하고 부모 행으로 계획과 결과를 연결한다.에서 최종 변경을(를) 관리,최종 변경,timestamptz,N/A,UTC,46037,N/A,timestamptz,timestamptz,N/A,N/A,N/A,N,now(),Y,PostgreSQL DEFAULT,N,N/A,N,N/A,N/A,N/A,N,N/A,N/A,N/A,N/A,Spring Backend / 사용자·보호자·Robot·AI,Spring Backend 서비스,"Backend, 보호자 대시보드, Robot·AI",N/A,N,N/A,N,N,행과 동일,행/업무 정책에 따라 삭제,N,ACTIVE,0.3.0,0.3.0,N/A,S15P11E102-84,2026-07-23,원본 키/제약: 서비스가 갱신
audit_log.id,감사·보안,감사 로그,audit_log,1,내부 식별자,id,감사 이벤트 ID,민감정보·보호자 관계·검증·삭제 행위의 최소 감사 흔적을 공통 형식으로 남긴다.에서 감사 이벤트 ID을(를) 관리,감사 이벤트 ID,uuid,N/A,N/A,00000000-0000-4000-8000-000000000001,N/A,uuid,uuid,N/A,N/A,N/A,N,gen_random_uuid(),Y,PostgreSQL DEFAULT,Y,1,N,N/A,N/A,N/A,N,N/A,N/A,N/A,N/A,Spring Backend,Spring Backend 서비스,"Backend, 보안·운영 검토",N/A,간접,간접식별정보,Y,TBD,안전/감사,"append-only를 원칙으로 하되 보존기간은 보안·법무 정책으로 확정한다. 대상 본문, 변경 전후 값, 질환명, 약물명, 주소, 기억 내용, 대화 내용은 절대 복제하지 않는다. 사용자 삭제 후 `actor_user_id`를 유지할 법적 근거가 없으면 NULL/가명화하되 행위 유형과 대상의 비식별 식별자는 정책에 따라 유지한다.",Y,ACTIVE,0.3.0,0.3.0,N/A,S15P11E102-84,2026-07-23,원본 키/제약: PK
audit_log.actor_user_id,감사·보안,감사 로그,audit_log,2,행위자 사용자 ID,actor_user_id,행위자; SYSTEM/ROBOT이면 NULL,민감정보·보호자 관계·검증·삭제 행위의 최소 감사 흔적을 공통 형식으로 남긴다.에서 행위자; SYSTEM/ROBOT이면 NULL을(를) 관리,행위자; SYSTEM/ROBOT이면 NULL,uuid,N/A,N/A,00000000-0000-4000-8000-000000000001,N/A,uuid,uuid,N/A,N/A,N/A,Y,N/A,N,애플리케이션 또는 사용자 입력,N,N/A,Y,FK_AUDIT_LOG_ACTOR_USER_ID,app_user,id,N,N/A,N/A,N/A,N/A,Spring Backend,Spring Backend 서비스,"Backend, 보안·운영 검토",N/A,Y,개인정보 또는 건강·생활정보,Y,TBD,안전/감사,"append-only를 원칙으로 하되 보존기간은 보안·법무 정책으로 확정한다. 대상 본문, 변경 전후 값, 질환명, 약물명, 주소, 기억 내용, 대화 내용은 절대 복제하지 않는다. 사용자 삭제 후 `actor_user_id`를 유지할 법적 근거가 없으면 NULL/가명화하되 행위 유형과 대상의 비식별 식별자는 정책에 따라 유지한다.",Y,ACTIVE,0.3.0,0.3.0,N/A,S15P11E102-84,2026-07-23,원본 키/제약: FK→`app_user.id
audit_log.actor_type,감사·보안,감사 로그,audit_log,3,행위 주체 종류,actor_type,행위 주체 종류,민감정보·보호자 관계·검증·삭제 행위의 최소 감사 흔적을 공통 형식으로 남긴다.에서 행위 주체 종류을(를) 관리,행위 주체 종류,varchar(20),N/A,N/A,ACTOR_TYPE,N/A,varchar,varchar(20),20,N/A,N/A,N,N/A,N,애플리케이션 또는 사용자 입력,N,N/A,N,N/A,N/A,N/A,N,CHK_AUDIT_LOG_ACTOR_TYPE,CODE_AUDIT_ACTOR_TYPE,N/A,N/A,Spring Backend,Spring Backend 서비스,"Backend, 보안·운영 검토",N/A,간접,간접식별정보,Y,TBD,안전/감사,"append-only를 원칙으로 하되 보존기간은 보안·법무 정책으로 확정한다. 대상 본문, 변경 전후 값, 질환명, 약물명, 주소, 기억 내용, 대화 내용은 절대 복제하지 않는다. 사용자 삭제 후 `actor_user_id`를 유지할 법적 근거가 없으면 NULL/가명화하되 행위 유형과 대상의 비식별 식별자는 정책에 따라 유지한다.",Y,ACTIVE,0.3.0,0.3.0,N/A,S15P11E102-84,2026-07-23,"원본 키/제약: CHECK `SENIOR, GUARDIAN, SYSTEM, ROBOT"
audit_log.action_type,감사·보안,감사 로그,audit_log,4,CREATE/UPDATE/VERIFY/REJECT…,action_type,CREATE/UPDATE/VERIFY/REJECT/DELETE/CHANGE_VISIBILITY/LINK/UNLINK 등,민감정보·보호자 관계·검증·삭제 행위의 최소 감사 흔적을 공통 형식으로 남긴다.에서 CREATE/UPDATE/VERIFY/REJECT/DELETE/CHANGE_VISIBILITY/LINK/UNLINK 등을(를) 관리,CREATE/UPDATE/VERIFY/REJECT/DELETE/CHANGE_VISIBILITY/LINK/UNLINK 등,varchar(30),N/A,N/A,ACTION_TYPE,N/A,varchar,varchar(30),30,N/A,N/A,N,N/A,N,애플리케이션 또는 사용자 입력,N,N/A,N,N/A,N/A,N/A,N,CHK_AUDIT_LOG_ACTION_TYPE,CODE_AUDIT_ACTION_TYPE,N/A,N/A,Spring Backend,Spring Backend 서비스,"Backend, 보안·운영 검토",N/A,간접,간접식별정보,Y,TBD,안전/감사,"append-only를 원칙으로 하되 보존기간은 보안·법무 정책으로 확정한다. 대상 본문, 변경 전후 값, 질환명, 약물명, 주소, 기억 내용, 대화 내용은 절대 복제하지 않는다. 사용자 삭제 후 `actor_user_id`를 유지할 법적 근거가 없으면 NULL/가명화하되 행위 유형과 대상의 비식별 식별자는 정책에 따라 유지한다.",Y,ACTIVE,0.3.0,0.3.0,N/A,S15P11E102-84,2026-07-23,원본 키/제약: 허용값 CHECK
audit_log.target_type,감사·보안,감사 로그,audit_log,5,대상 테이블/도메인 종류,target_type,대상 테이블/도메인 종류,민감정보·보호자 관계·검증·삭제 행위의 최소 감사 흔적을 공통 형식으로 남긴다.에서 대상 테이블/도메인 종류을(를) 관리,대상 테이블/도메인 종류,varchar(40),N/A,N/A,TARGET_TYPE,N/A,varchar,varchar(40),40,N/A,N/A,N,N/A,N,애플리케이션 또는 사용자 입력,N,N/A,N,N/A,N/A,N/A,N,N/A,N/A,N/A,N/A,Spring Backend,Spring Backend 서비스,"Backend, 보안·운영 검토",N/A,간접,간접식별정보,Y,TBD,안전/감사,"append-only를 원칙으로 하되 보존기간은 보안·법무 정책으로 확정한다. 대상 본문, 변경 전후 값, 질환명, 약물명, 주소, 기억 내용, 대화 내용은 절대 복제하지 않는다. 사용자 삭제 후 `actor_user_id`를 유지할 법적 근거가 없으면 NULL/가명화하되 행위 유형과 대상의 비식별 식별자는 정책에 따라 유지한다.",Y,ACTIVE,0.3.0,0.3.0,N/A,S15P11E102-84,2026-07-23,원본 키/제약: 허용 대상명 서비스 검증
audit_log.target_id,감사·보안,감사 로그,audit_log,6,삭제 후에도 남는 대상 ID,target_id,삭제 후에도 남는 대상 ID,민감정보·보호자 관계·검증·삭제 행위의 최소 감사 흔적을 공통 형식으로 남긴다.에서 삭제 후에도 남는 대상 ID을(를) 관리,삭제 후에도 남는 대상 ID,uuid,N/A,N/A,00000000-0000-4000-8000-000000000001,N/A,uuid,uuid,N/A,N/A,N/A,N,N/A,N,애플리케이션 또는 사용자 입력,N,N/A,N,N/A,N/A,N/A,N,N/A,N/A,N/A,N/A,Spring Backend,Spring Backend 서비스,"Backend, 보안·운영 검토",N/A,간접,간접식별정보,Y,TBD,안전/감사,"append-only를 원칙으로 하되 보존기간은 보안·법무 정책으로 확정한다. 대상 본문, 변경 전후 값, 질환명, 약물명, 주소, 기억 내용, 대화 내용은 절대 복제하지 않는다. 사용자 삭제 후 `actor_user_id`를 유지할 법적 근거가 없으면 NULL/가명화하되 행위 유형과 대상의 비식별 식별자는 정책에 따라 유지한다.",Y,ACTIVE,0.3.0,0.3.0,N/A,S15P11E102-84,2026-07-23,원본 키/제약: 논리 참조
audit_log.changed_fields,감사·보안,감사 로그,audit_log,7,변경된 컬럼 이름,changed_fields,변경된 컬럼 이름; 값 저장 금지,민감정보·보호자 관계·검증·삭제 행위의 최소 감사 흔적을 공통 형식으로 남긴다.에서 변경된 컬럼 이름; 값 저장 금지을(를) 관리,변경된 컬럼 이름; 값 저장 금지,text[],N/A,N/A,CHANGED_FIELDS,N/A,text[],text[],N/A,N/A,N/A,N,'{}',N,애플리케이션 또는 사용자 입력,N,N/A,N,N/A,N/A,N/A,N,N/A,N/A,N/A,N/A,Spring Backend,Spring Backend 서비스,"Backend, 보안·운영 검토",N/A,간접,간접식별정보,Y,TBD,안전/감사,"append-only를 원칙으로 하되 보존기간은 보안·법무 정책으로 확정한다. 대상 본문, 변경 전후 값, 질환명, 약물명, 주소, 기억 내용, 대화 내용은 절대 복제하지 않는다. 사용자 삭제 후 `actor_user_id`를 유지할 법적 근거가 없으면 NULL/가명화하되 행위 유형과 대상의 비식별 식별자는 정책에 따라 유지한다.",Y,ACTIVE,0.3.0,0.3.0,N/A,S15P11E102-84,2026-07-23,원본 키/제약: 필드명만 허용
audit_log.request_id,감사·보안,감사 로그,audit_log,8,요청 상관관계 ID,request_id,API/작업 상관관계 ID 원문,민감정보·보호자 관계·검증·삭제 행위의 최소 감사 흔적을 공통 형식으로 남긴다.에서 API/작업 상관관계 ID 원문을(를) 관리,API/작업 상관관계 ID 원문,varchar(64),N/A,N/A,REQUEST_ID,N/A,varchar,varchar(64),64,N/A,N/A,Y,N/A,N,애플리케이션 또는 사용자 입력,N,N/A,N,N/A,N/A,N/A,N,N/A,N/A,N/A,N/A,Spring Backend,Spring Backend 서비스,"Backend, 보안·운영 검토",N/A,간접,간접식별정보,Y,TBD,안전/감사,"append-only를 원칙으로 하되 보존기간은 보안·법무 정책으로 확정한다. 대상 본문, 변경 전후 값, 질환명, 약물명, 주소, 기억 내용, 대화 내용은 절대 복제하지 않는다. 사용자 삭제 후 `actor_user_id`를 유지할 법적 근거가 없으면 NULL/가명화하되 행위 유형과 대상의 비식별 식별자는 정책에 따라 유지한다.",Y,ACTIVE,0.3.0,0.3.0,N/A,S15P11E102-84,2026-07-23,원본 키/제약: 조회 인덱스
audit_log.occurred_at,감사·보안,감사 로그,audit_log,9,사건 발생 시각,occurred_at,행위 발생/기록 시각,민감정보·보호자 관계·검증·삭제 행위의 최소 감사 흔적을 공통 형식으로 남긴다.에서 행위 발생/기록 시각을(를) 관리,행위 발생/기록 시각,timestamptz,N/A,UTC,46037,N/A,timestamptz,timestamptz,N/A,N/A,N/A,N,now(),Y,PostgreSQL DEFAULT,N,N/A,N,N/A,N/A,N/A,N,N/A,N/A,N/A,N/A,Spring Backend,Spring Backend 서비스,"Backend, 보안·운영 검토",N/A,N,N/A,N,N,안전/감사,행/업무 정책에 따라 삭제,N,ACTIVE,0.3.0,0.3.0,N/A,S15P11E102-84,2026-07-23,원본에 별도 키·제약 없음
